android.widget.Button,2131034225,ID_SOKBtn,click,<chung.design.goplayer.CSvrList$4: void onClick(android.view.View)>,click,<chung.design.goplayer.CSvrList$3: void onClick(android.view.View)>,click,<chung.design.goplayer.CSvrList$6: void onClick(android.view.View)>,click,<chung.design.goplayer.CSvrList$5: void onClick(android.view.View)>,@layout/sbtnstyle,JADX/chung.design.goplayer/resources/res/layout/sbtnstyle.xml
android.widget.Button,2131034227,ID_EDITBtn,click,<chung.design.goplayer.CSvrList$4: void onClick(android.view.View)>,click,<chung.design.goplayer.CSvrList$3: void onClick(android.view.View)>,click,<chung.design.goplayer.CSvrList$6: void onClick(android.view.View)>,click,<chung.design.goplayer.CSvrList$5: void onClick(android.view.View)>,@layout/sbtnstyle,JADX/chung.design.goplayer/resources/res/layout/sbtnstyle.xml
android.widget.Button,2131034228,ID_DELBtn,click,<chung.design.goplayer.CSvrList$4: void onClick(android.view.View)>,click,<chung.design.goplayer.CSvrList$3: void onClick(android.view.View)>,click,<chung.design.goplayer.CSvrList$6: void onClick(android.view.View)>,click,<chung.design.goplayer.CSvrList$5: void onClick(android.view.View)>,@layout/sbtnstyle,JADX/chung.design.goplayer/resources/res/layout/sbtnstyle.xml
android.widget.Button,2131034226,ID_ADDBtn,click,<chung.design.goplayer.CSvrList$4: void onClick(android.view.View)>,click,<chung.design.goplayer.CSvrList$3: void onClick(android.view.View)>,click,<chung.design.goplayer.CSvrList$6: void onClick(android.view.View)>,click,<chung.design.goplayer.CSvrList$5: void onClick(android.view.View)>,@layout/sbtnstyle,JADX/chung.design.goplayer/resources/res/layout/sbtnstyle.xml
android.widget.Button,2131034204,ID_SETOK_BTN,click,<chung.design.goplayer.CSetfrm$1: void onClick(android.view.View)>,click,<chung.design.goplayer.CSetfrm$2: void onClick(android.view.View)>,@layout/sbtnstyle,JADX/chung.design.goplayer/resources/res/layout/sbtnstyle.xml
android.widget.Button,2131034203,ID_SETCANCEL_BTN,click,<chung.design.goplayer.CSetfrm$1: void onClick(android.view.View)>,click,<chung.design.goplayer.CSetfrm$2: void onClick(android.view.View)>,@layout/sbtnstyle,JADX/chung.design.goplayer/resources/res/layout/sbtnstyle.xml
android.widget.Button,2131034130,ID_GAS_EXIT_BTN,click,<chung.design.goplayer.CGasFrm$2: void onClick(android.view.View)>,click,<chung.design.goplayer.CGasFrm$1: void onClick(android.view.View)>,@layout/sbtnstyle,JADX/chung.design.goplayer/resources/res/layout/sbtnstyle.xml
android.widget.Button,2131034133,ID_GAS_OFF_BTN,click,<chung.design.goplayer.CGasFrm$2: void onClick(android.view.View)>,click,<chung.design.goplayer.CGasFrm$1: void onClick(android.view.View)>,@layout/buttonstyle,JADX/chung.design.goplayer/resources/res/layout/chbuttonstyle.xml;JADX/chung.design.goplayer/resources/res/layout/buttonstyle.xml
android.widget.Button,2131034121,ID_SECURITYOK_BTN,click,<chung.design.goplayer.CSecurityFrm$2: void onClick(android.view.View)>,click,<chung.design.goplayer.CSecurityFrm$1: void onClick(android.view.View)>,@layout/sbtnstyle,JADX/chung.design.goplayer/resources/res/layout/sbtnstyle.xml
android.widget.Button,2131034120,ID_SECURITYCANCEL_BTN,click,<chung.design.goplayer.CSecurityFrm$2: void onClick(android.view.View)>,click,<chung.design.goplayer.CSecurityFrm$1: void onClick(android.view.View)>,@layout/sbtnstyle,JADX/chung.design.goplayer/resources/res/layout/sbtnstyle.xml
android.widget.Button,2131034117,ID_APP_AUX_BTN,click,<chung.design.goplayer.CAppliancesFrm$1: void onClick(android.view.View)>,click,<chung.design.goplayer.CAppliancesFrm$3: void onClick(android.view.View)>,click,<chung.design.goplayer.CAppliancesFrm$2: void onClick(android.view.View)>,click,<chung.design.goplayer.CAppliancesFrm$4: void onClick(android.view.View)>,@layout/buttonstyle,JADX/chung.design.goplayer/resources/res/layout/chbuttonstyle.xml;JADX/chung.design.goplayer/resources/res/layout/buttonstyle.xml
android.widget.Button,2131034112,ID_APP_EXIT_BTN,click,<chung.design.goplayer.CAppliancesFrm$1: void onClick(android.view.View)>,click,<chung.design.goplayer.CAppliancesFrm$3: void onClick(android.view.View)>,click,<chung.design.goplayer.CAppliancesFrm$2: void onClick(android.view.View)>,click,<chung.design.goplayer.CAppliancesFrm$4: void onClick(android.view.View)>,@layout/sbtnstyle,JADX/chung.design.goplayer/resources/res/layout/sbtnstyle.xml
android.widget.Button,2131034119,ID_APP_COOL_BTN,click,<chung.design.goplayer.CAppliancesFrm$1: void onClick(android.view.View)>,click,<chung.design.goplayer.CAppliancesFrm$3: void onClick(android.view.View)>,click,<chung.design.goplayer.CAppliancesFrm$2: void onClick(android.view.View)>,click,<chung.design.goplayer.CAppliancesFrm$4: void onClick(android.view.View)>,@layout/buttonstyle,JADX/chung.design.goplayer/resources/res/layout/chbuttonstyle.xml;JADX/chung.design.goplayer/resources/res/layout/buttonstyle.xml
android.widget.Button,2131034115,ID_APP_TV_BTN,click,<chung.design.goplayer.CAppliancesFrm$1: void onClick(android.view.View)>,click,<chung.design.goplayer.CAppliancesFrm$3: void onClick(android.view.View)>,click,<chung.design.goplayer.CAppliancesFrm$2: void onClick(android.view.View)>,click,<chung.design.goplayer.CAppliancesFrm$4: void onClick(android.view.View)>,@layout/buttonstyle,JADX/chung.design.goplayer/resources/res/layout/chbuttonstyle.xml;JADX/chung.design.goplayer/resources/res/layout/buttonstyle.xml
android.widget.ImageView,2131034170,ID_Image,touch,"<chung.design.goplayer.GPlayer$10: boolean onTouch(android.view.View,android.view.MotionEvent)>",@drawable/icon,JADX/com.f1soft.sbifonepay.activities/resources/res/drawable/icon.png;JADX/015b473e1d56054bed16899430ea95f9ac940a45ab0ec4888a119279667e7916/resources/res/drawable/icon.png;JADX/005b6377f2e5c52d85d3850ee9ea10fba8287334671577a2292fd844ffc5dda1/resources/res/drawable-hdpi/icon.png;JADX/005b6377f2e5c52d85d3850ee9ea10fba8287334671577a2292fd844ffc5dda1/resources/res/drawable-hdpi/wallpaper_icon.png;JADX/005b6377f2e5c52d85d3850ee9ea10fba8287334671577a2292fd844ffc5dda1/resources/res/drawable-ldpi/icon.png;JADX/005b6377f2e5c52d85d3850ee9ea10fba8287334671577a2292fd844ffc5dda1/resources/res/drawable-mdpi/icon.png;JADX/005b6377f2e5c52d85d3850ee9ea10fba8287334671577a2292fd844ffc5dda1/resources/res/drawable-mdpi/wallpaper_icon.png;JADX/02af2eef6bef09822756db10f8fcc6e15f6bd034bb1cadd3fbf1737bcf0604db/resources/res/drawable/icon.png;JADX/00f4fa52f37037efb710c18b7d7ae7708a27ab1bea333e99cdcbd680eb32408b/resources/res/drawable/icon.png;JADX/b61eb30f9c3fd608f13ba789a2a35201b150db5fff7b9e48e952725ee8a03b26/resources/res/drawable/icon.png;JADX/b61eb30f9c3fd608f13ba789a2a35201b150db5fff7b9e48e952725ee8a03b26/resources/res/drawable/cushion_icon.png;JADX/b61eb30f9c3fd608f13ba789a2a35201b150db5fff7b9e48e952725ee8a03b26/resources/res/drawable/more_apps_icon.png;JADX/06fd5e281179fdfad8c84a4a12977a6942b989923826f91b0bb2fc0d4c9e9641/resources/res/drawable/icon.png;JADX/06fd5e281179fdfad8c84a4a12977a6942b989923826f91b0bb2fc0d4c9e9641/resources/res/drawable/ummp_infobar_icon.png;JADX/06fd5e281179fdfad8c84a4a12977a6942b989923826f91b0bb2fc0d4c9e9641/resources/res/drawable/umicon.png;JADX/06fd5e281179fdfad8c84a4a12977a6942b989923826f91b0bb2fc0d4c9e9641/resources/res/drawable/boy_head_icon.png;JADX/06fd5e281179fdfad8c84a4a12977a6942b989923826f91b0bb2fc0d4c9e9641/resources/res/drawable-hdpi/icon.png;JADX/06fd5e281179fdfad8c84a4a12977a6942b989923826f91b0bb2fc0d4c9e9641/resources/res/drawable-hdpi/ummp_infobar_icon.png;JADX/06fd5e281179fdfad8c84a4a12977a6942b989923826f91b0bb2fc0d4c9e9641/resources/res/drawable-ldpi/icon.png;JADX/06fd5e281179fdfad8c84a4a12977a6942b989923826f91b0bb2fc0d4c9e9641/resources/res/drawable-mdpi/icon.png;JADX/05a8cd29578c045681d102b40440bfb62c6f10efa0c72bba67a60ac978b918a8/resources/res/drawable-hdpi/icon.png;JADX/05a8cd29578c045681d102b40440bfb62c6f10efa0c72bba67a60ac978b918a8/resources/res/drawable-ldpi/icon.png;JADX/05a8cd29578c045681d102b40440bfb62c6f10efa0c72bba67a60ac978b918a8/resources/res/drawable-mdpi/icon.png;JADX/001e0f67b5bb9ddab14facbef94791eaed0eb939bcb651d19dafd0e2a05d8178/resources/res/drawable/icon.png;JADX/01fa2597bbaa62d2c9597421d689ead204f9fce3d42ba52774d41db280978d4e/resources/res/drawable/icon.png;JADX/01fa2597bbaa62d2c9597421d689ead204f9fce3d42ba52774d41db280978d4e/resources/res/drawable/ppy_emoticon.png;JADX/01fa2597bbaa62d2c9597421d689ead204f9fce3d42ba52774d41db280978d4e/resources/res/drawable/ppy_facebook_icon.png;JADX/01fa2597bbaa62d2c9597421d689ead204f9fce3d42ba52774d41db280978d4e/resources/res/layout/ppy_chaticon.xml;JADX/01fa2597bbaa62d2c9597421d689ead204f9fce3d42ba52774d41db280978d4e/resources/assets/web-resources/images/android_139/skin_icon.png;JADX/01fa2597bbaa62d2c9597421d689ead204f9fce3d42ba52774d41db280978d4e/resources/assets/web-resources/images/android_143/task_icon.png;JADX/01fa2597bbaa62d2c9597421d689ead204f9fce3d42ba52774d41db280978d4e/resources/assets/web-resources/images/android_143/notification_icon.png;JADX/046ecd12af42149989a427d5bb9b06cbe4860e527f272ec1da72a21d3ee58953/resources/res/drawable/icon.png;JADX/046ecd12af42149989a427d5bb9b06cbe4860e527f272ec1da72a21d3ee58953/resources/res/drawable-hdpi/icon.png;JADX/046ecd12af42149989a427d5bb9b06cbe4860e527f272ec1da72a21d3ee58953/resources/res/drawable-ldpi/icon.png;JADX/046ecd12af42149989a427d5bb9b06cbe4860e527f272ec1da72a21d3ee58953/resources/res/drawable-mdpi/icon.png;JADX/056bc81460cda943ac414977bb1f62388bb40e1e9f418c2290a03968e8411985/resources/res/drawable/icon.png;JADX/030b4d37bf0c3e7b39d2f717c09affa8811ef5a2feb11fbdb94f40086c3cc8c9/resources/res/drawable-hdpi/icon.png;JADX/030b4d37bf0c3e7b39d2f717c09affa8811ef5a2feb11fbdb94f40086c3cc8c9/resources/res/drawable-ldpi/icon.png;JADX/030b4d37bf0c3e7b39d2f717c09affa8811ef5a2feb11fbdb94f40086c3cc8c9/resources/res/drawable-mdpi/icon.png;JADX/com.barleygame.eightnote/resources/res/drawable-hdpi-v4/voicejump_icon.png;JADX/05c68734c04460dff87618c0065457788edcad84c23f32113b156a963290d917/resources/res/drawable-hdpi/icon.png;JADX/05c68734c04460dff87618c0065457788edcad84c23f32113b156a963290d917/resources/res/drawable-ldpi/icon.png;JADX/05c68734c04460dff87618c0065457788edcad84c23f32113b156a963290d917/resources/res/drawable-mdpi/icon.png;JADX/air.untangled/resources/res/drawable-hdpi/icon.png;JADX/air.untangled/resources/res/drawable-ldpi/icon.png;JADX/air.untangled/resources/res/drawable-mdpi/icon.png;JADX/normal.standard.zero/resources/res/drawable/icon.png;JADX/000a067df9235aea987cd1e6b7768bcc1053e640b267c5b1f0deefc18be5dbe1/resources/res/drawable-hdpi/icon.png;JADX/000a067df9235aea987cd1e6b7768bcc1053e640b267c5b1f0deefc18be5dbe1/resources/res/drawable-ldpi/icon.png;JADX/000a067df9235aea987cd1e6b7768bcc1053e640b267c5b1f0deefc18be5dbe1/resources/res/drawable-mdpi/icon.png;JADX/004b3862f816f35464fe8f1e45d56628b299d32b25f47ed4d308251f4b250d19/resources/res/drawable-hdpi/icon.png;JADX/004b3862f816f35464fe8f1e45d56628b299d32b25f47ed4d308251f4b250d19/resources/res/drawable-ldpi/icon.png;JADX/004b3862f816f35464fe8f1e45d56628b299d32b25f47ed4d308251f4b250d19/resources/res/drawable-mdpi/icon.png;JADX/b56ebfae90e4114f2dad08e90e6ea179099f2e63707e17a7e5b7e62d0f16a7be/resources/res/drawable/icon.png;JADX/05e0282e0ec7ab28e58f2b2d99cefe0b52ef21900f2ab3d0c0f17c47770ef2da/resources/res/drawable/icon.png;JADX/05e0282e0ec7ab28e58f2b2d99cefe0b52ef21900f2ab3d0c0f17c47770ef2da/resources/res/drawable-hdpi/icon.png;JADX/05e0282e0ec7ab28e58f2b2d99cefe0b52ef21900f2ab3d0c0f17c47770ef2da/resources/res/drawable-ldpi/icon.png;JADX/05e0282e0ec7ab28e58f2b2d99cefe0b52ef21900f2ab3d0c0f17c47770ef2da/resources/res/drawable-mdpi/icon.png;JADX/05e0282e0ec7ab28e58f2b2d99cefe0b52ef21900f2ab3d0c0f17c47770ef2da/resources/assets/webui/images/icon.leaf.green.hdpi.png;JADX/05e0282e0ec7ab28e58f2b2d99cefe0b52ef21900f2ab3d0c0f17c47770ef2da/resources/assets/webui/images/icon.search.hdpi.png;JADX/05e0282e0ec7ab28e58f2b2d99cefe0b52ef21900f2ab3d0c0f17c47770ef2da/resources/assets/webui/images/icon.search.button.hdpi.png;JADX/05e0282e0ec7ab28e58f2b2d99cefe0b52ef21900f2ab3d0c0f17c47770ef2da/resources/assets/webui/images/icon.game.hdpi.png;JADX/05e0282e0ec7ab28e58f2b2d99cefe0b52ef21900f2ab3d0c0f17c47770ef2da/resources/assets/webui/images/icon.achievement.unlocked.mdpi.png;JADX/05e0282e0ec7ab28e58f2b2d99cefe0b52ef21900f2ab3d0c0f17c47770ef2da/resources/assets/webui/images/icon.friend.mdpi.png;JADX/05e0282e0ec7ab28e58f2b2d99cefe0b52ef21900f2ab3d0c0f17c47770ef2da/resources/assets/webui/images/icon.leaf.gray.hdpi.png;JADX/05e0282e0ec7ab28e58f2b2d99cefe0b52ef21900f2ab3d0c0f17c47770ef2da/resources/assets/webui/images/logo_icon.mdpi.png;JADX/05e0282e0ec7ab28e58f2b2d99cefe0b52ef21900f2ab3d0c0f17c47770ef2da/resources/assets/webui/images/icon.user.male.large.mdpi.png;JADX/05e0282e0ec7ab28e58f2b2d99cefe0b52ef21900f2ab3d0c0f17c47770ef2da/resources/assets/webui/images/icon.achievement.hdpi.png;JADX/05e0282e0ec7ab28e58f2b2d99cefe0b52ef21900f2ab3d0c0f17c47770ef2da/resources/assets/webui/images/icon.leaf.white.mdpi.png;JADX/05e0282e0ec7ab28e58f2b2d99cefe0b52ef21900f2ab3d0c0f17c47770ef2da/resources/assets/webui/images/icon.play.hdpi.png;JADX/05e0282e0ec7ab28e58f2b2d99cefe0b52ef21900f2ab3d0c0f17c47770ef2da/resources/assets/webui/images/icon.friends.hdpi.png;JADX/05e0282e0ec7ab28e58f2b2d99cefe0b52ef21900f2ab3d0c0f17c47770ef2da/resources/assets/webui/images/icon.achievement.gamerscore_coin.mdpi.png;JADX/05e0282e0ec7ab28e58f2b2d99cefe0b52ef21900f2ab3d0c0f17c47770ef2da/resources/assets/webui/images/icon.user.male.hdpi.png;JADX/05e0282e0ec7ab28e58f2b2d99cefe0b52ef21900f2ab3d0c0f17c47770ef2da/resources/assets/webui/images/icon.leaderboard.hdpi.png;JADX/05e0282e0ec7ab28e58f2b2d99cefe0b52ef21900f2ab3d0c0f17c47770ef2da/resources/assets/webui/images/icon.achievement.locked.mdpi.png;JADX/05e0282e0ec7ab28e58f2b2d99cefe0b52ef21900f2ab3d0c0f17c47770ef2da/resources/assets/webui/images/icon.leaderboard.mdpi.png;JADX/05e0282e0ec7ab28e58f2b2d99cefe0b52ef21900f2ab3d0c0f17c47770ef2da/resources/assets/webui/images/icon.user.female.large.mdpi.png;JADX/05e0282e0ec7ab28e58f2b2d99cefe0b52ef21900f2ab3d0c0f17c47770ef2da/resources/assets/webui/images/icon.achievement.locked.hdpi.png;JADX/05e0282e0ec7ab28e58f2b2d99cefe0b52ef21900f2ab3d0c0f17c47770ef2da/resources/assets/webui/images/icon.user.male.mdpi.png;JADX/05e0282e0ec7ab28e58f2b2d99cefe0b52ef21900f2ab3d0c0f17c47770ef2da/resources/assets/webui/images/icon.friends.mdpi.png;JADX/05e0282e0ec7ab28e58f2b2d99cefe0b52ef21900f2ab3d0c0f17c47770ef2da/resources/assets/webui/images/icon.achievement.gamerscore_coin.hdpi.png;JADX/05e0282e0ec7ab28e58f2b2d99cefe0b52ef21900f2ab3d0c0f17c47770ef2da/resources/assets/webui/images/icon.user.female.mdpi.png;JADX/05e0282e0ec7ab28e58f2b2d99cefe0b52ef21900f2ab3d0c0f17c47770ef2da/resources/assets/webui/images/icon.user.male.large.hdpi.png;JADX/05e0282e0ec7ab28e58f2b2d99cefe0b52ef21900f2ab3d0c0f17c47770ef2da/resources/assets/webui/images/icon.achievement.mdpi.png;JADX/05e0282e0ec7ab28e58f2b2d99cefe0b52ef21900f2ab3d0c0f17c47770ef2da/resources/assets/webui/images/icon.play.mdpi.png;JADX/05e0282e0ec7ab28e58f2b2d99cefe0b52ef21900f2ab3d0c0f17c47770ef2da/resources/assets/webui/images/icon.leaf.white.hdpi.png;JADX/05e0282e0ec7ab28e58f2b2d99cefe0b52ef21900f2ab3d0c0f17c47770ef2da/resources/assets/webui/images/logo_icon.hdpi.png;JADX/05e0282e0ec7ab28e58f2b2d99cefe0b52ef21900f2ab3d0c0f17c47770ef2da/resources/assets/webui/images/icon.leaf.gray.mdpi.png;JADX/05e0282e0ec7ab28e58f2b2d99cefe0b52ef21900f2ab3d0c0f17c47770ef2da/resources/assets/webui/images/icon.game.mdpi.png;JADX/05e0282e0ec7ab28e58f2b2d99cefe0b52ef21900f2ab3d0c0f17c47770ef2da/resources/assets/webui/images/icon.friend.hdpi.png;JADX/05e0282e0ec7ab28e58f2b2d99cefe0b52ef21900f2ab3d0c0f17c47770ef2da/resources/assets/webui/images/icon.achievement.unlocked.hdpi.png;JADX/05e0282e0ec7ab28e58f2b2d99cefe0b52ef21900f2ab3d0c0f17c47770ef2da/resources/assets/webui/images/icon.search.button.mdpi.png;JADX/05e0282e0ec7ab28e58f2b2d99cefe0b52ef21900f2ab3d0c0f17c47770ef2da/resources/assets/webui/images/icon.leaf.green.mdpi.png;JADX/05e0282e0ec7ab28e58f2b2d99cefe0b52ef21900f2ab3d0c0f17c47770ef2da/resources/assets/webui/images/icon.search.mdpi.png;JADX/05e0282e0ec7ab28e58f2b2d99cefe0b52ef21900f2ab3d0c0f17c47770ef2da/resources/assets/webui/images/dashboard/icon.achievement.small.hdpi.png;JADX/05e0282e0ec7ab28e58f2b2d99cefe0b52ef21900f2ab3d0c0f17c47770ef2da/resources/assets/webui/images/dashboard/icon.disclosure.mdpi.png;JADX/05e0282e0ec7ab28e58f2b2d99cefe0b52ef21900f2ab3d0c0f17c47770ef2da/resources/assets/webui/images/dashboard/icon.check.green.hdpi.png;JADX/05e0282e0ec7ab28e58f2b2d99cefe0b52ef21900f2ab3d0c0f17c47770ef2da/resources/assets/webui/images/dashboard/icon.check.green.mdpi.png;JADX/05e0282e0ec7ab28e58f2b2d99cefe0b52ef21900f2ab3d0c0f17c47770ef2da/resources/assets/webui/images/dashboard/icon.disclosure.hdpi.png;JADX/05e0282e0ec7ab28e58f2b2d99cefe0b52ef21900f2ab3d0c0f17c47770ef2da/resources/assets/webui/images/dashboard/icon.achievement.small.mdpi.png;JADX/org.lsvbdarija.app/resources/assets/www/favicon.ico;JADX/org.lsvbdarija.app/resources/assets/www/images/touch/apple-touch-icon.png;JADX/b029a2fbb1c761514117be1fc8c8432d1e6f232124e258b50a283de3f37ddf79/resources/res/drawable-hdpi/icon.png;JADX/b029a2fbb1c761514117be1fc8c8432d1e6f232124e258b50a283de3f37ddf79/resources/res/drawable-hdpi/wallpaper_icon.png;JADX/b029a2fbb1c761514117be1fc8c8432d1e6f232124e258b50a283de3f37ddf79/resources/res/drawable-ldpi/icon.png;JADX/b029a2fbb1c761514117be1fc8c8432d1e6f232124e258b50a283de3f37ddf79/resources/res/drawable-mdpi/icon.png;JADX/b029a2fbb1c761514117be1fc8c8432d1e6f232124e258b50a283de3f37ddf79/resources/res/drawable-mdpi/wallpaper_icon.png;JADX/com.bru64/resources/res/drawable-xhdpi-v4/giqicon.png;JADX/com.bru64/resources/res/drawable-mdpi-v4/giqicon.png;JADX/com.bru64/resources/res/drawable-hdpi-v4/giqicon.png;JADX/com.bru64/resources/res/drawable-ldpi-v4/giqicon.png;JADX/b44c29c5cec18965c87e3626c50d7e03a4e4d47c19e5ee7af8b35346c14e1528/resources/res/drawable/icon.png;JADX/04b112bb63c992fc1158f7d5866fc901df832886cbf7dfb4391d342faba0be25/resources/res/drawable-hdpi/icon.png;JADX/04b112bb63c992fc1158f7d5866fc901df832886cbf7dfb4391d342faba0be25/resources/res/drawable-ldpi/icon.png;JADX/04b112bb63c992fc1158f7d5866fc901df832886cbf7dfb4391d342faba0be25/resources/res/drawable-mdpi/icon.png;JADX/04b112bb63c992fc1158f7d5866fc901df832886cbf7dfb4391d342faba0be25/resources/res/raw/icon.png;JADX/002fb7803cd8c0549bc7eb023458618520a3f0939e6ece1235a296491a7a1383/resources/res/drawable/app_icon.png;JADX/00c8de6b31090c32b65f8c30d7227488d2bce5353b31bedf5461419ff463072d/resources/res/drawable/content_icon.png;JADX/00c8de6b31090c32b65f8c30d7227488d2bce5353b31bedf5461419ff463072d/resources/res/drawable/icon.png;JADX/00c8de6b31090c32b65f8c30d7227488d2bce5353b31bedf5461419ff463072d/resources/res/drawable-hdpi/icon.png;JADX/00c8de6b31090c32b65f8c30d7227488d2bce5353b31bedf5461419ff463072d/resources/res/drawable-ldpi/icon.png;JADX/00c8de6b31090c32b65f8c30d7227488d2bce5353b31bedf5461419ff463072d/resources/res/drawable-mdpi/icon.png;JADX/com.tenpointzero.tracktenplus/resources/res/drawable/icon.png;JADX/03f76e12ca4c99b44d531a3690c09c49158066bbccfb60ce3d52baa3a9268eb0/resources/res/drawable/content_icon.png;JADX/03f76e12ca4c99b44d531a3690c09c49158066bbccfb60ce3d52baa3a9268eb0/resources/res/drawable/icon.png;JADX/03f76e12ca4c99b44d531a3690c09c49158066bbccfb60ce3d52baa3a9268eb0/resources/res/drawable-hdpi/icon.png;JADX/03f76e12ca4c99b44d531a3690c09c49158066bbccfb60ce3d52baa3a9268eb0/resources/res/drawable-ldpi/icon.png;JADX/03f76e12ca4c99b44d531a3690c09c49158066bbccfb60ce3d52baa3a9268eb0/resources/res/drawable-mdpi/icon.png;JADX/b52d989956a7146c4bf40461a27b8be7ded835f2c1ad6345ba8bdaf23e7b19a0/resources/res/drawable-hdpi/icon.png;JADX/b52d989956a7146c4bf40461a27b8be7ded835f2c1ad6345ba8bdaf23e7b19a0/resources/res/drawable-ldpi/icon.png;JADX/b52d989956a7146c4bf40461a27b8be7ded835f2c1ad6345ba8bdaf23e7b19a0/resources/res/drawable-mdpi/icon.png;JADX/03b0a43761b4c7844566c648c6f436596e98b28de205a444dfd80d5385414fc4/resources/res/drawable/icon.png;JADX/03b0a43761b4c7844566c648c6f436596e98b28de205a444dfd80d5385414fc4/resources/res/drawable/notify_icon.png;JADX/eu.Docking.Nitrox/resources/res/drawable-hdpi/icon.png;JADX/eu.Docking.Nitrox/resources/res/drawable-ldpi/icon.png;JADX/eu.Docking.Nitrox/resources/res/drawable-mdpi/icon.png;JADX/049d5d5e6dda98f512e0a9fd2d8e3299bb16adfb63d95033ed6a839588d14425/resources/res/drawable-hdpi/icon.png;JADX/049d5d5e6dda98f512e0a9fd2d8e3299bb16adfb63d95033ed6a839588d14425/resources/res/drawable-ldpi/icon.png;JADX/049d5d5e6dda98f512e0a9fd2d8e3299bb16adfb63d95033ed6a839588d14425/resources/res/drawable-mdpi/icon.png;JADX/b24b268c7c9574bb5ffa48c239f77089bd14ba3ea8b6dde3da42958569477d01/resources/res/drawable/myicon.jpg;JADX/b24b268c7c9574bb5ffa48c239f77089bd14ba3ea8b6dde3da42958569477d01/resources/res/drawable-hdpi/icon.png;JADX/b24b268c7c9574bb5ffa48c239f77089bd14ba3ea8b6dde3da42958569477d01/resources/res/drawable-ldpi/icon.png;JADX/b24b268c7c9574bb5ffa48c239f77089bd14ba3ea8b6dde3da42958569477d01/resources/res/drawable-mdpi/icon.png;JADX/045b3aa12aed348a4efd5574b88da97c036a766d77963773974dee02ea8d7ceb/resources/res/drawable/icon.png;JADX/052d1fb4713352e0f334af426f50cb445f6d1eca9336ef674c6161db1f71d2de/resources/res/drawable/icon.png;JADX/052d1fb4713352e0f334af426f50cb445f6d1eca9336ef674c6161db1f71d2de/resources/res/drawable-hdpi/icon.png;JADX/052d1fb4713352e0f334af426f50cb445f6d1eca9336ef674c6161db1f71d2de/resources/res/drawable-ldpi/icon.png;JADX/052d1fb4713352e0f334af426f50cb445f6d1eca9336ef674c6161db1f71d2de/resources/res/drawable-mdpi/icon.png;JADX/gutta.zero/resources/res/drawable/icon.png;JADX/03c78d58f22b4ebe6bb92735d19c869e57d10ed3071644c1a429170e7c9f3d51/resources/res/drawable/other_antigen_icon.png;JADX/03c78d58f22b4ebe6bb92735d19c869e57d10ed3071644c1a429170e7c9f3d51/resources/res/drawable/icon.png;JADX/03c78d58f22b4ebe6bb92735d19c869e57d10ed3071644c1a429170e7c9f3d51/resources/res/drawable/mp_notification_icon.png;JADX/03c78d58f22b4ebe6bb92735d19c869e57d10ed3071644c1a429170e7c9f3d51/resources/res/drawable/other_wixel_icon.png;JADX/03c78d58f22b4ebe6bb92735d19c869e57d10ed3071644c1a429170e7c9f3d51/resources/res/drawable/speed_trial_icon.png;JADX/03c78d58f22b4ebe6bb92735d19c869e57d10ed3071644c1a429170e7c9f3d51/resources/res/drawable/solo_icon.png;JADX/03c78d58f22b4ebe6bb92735d19c869e57d10ed3071644c1a429170e7c9f3d51/resources/res/drawable/other_dc_icon.png;JADX/03c78d58f22b4ebe6bb92735d19c869e57d10ed3071644c1a429170e7c9f3d51/resources/res/drawable/other_lr_icon.png;JADX/org.wkentaur.etwiktionary/resources/res/drawable/icon.png;JADX/org.wkentaur.etwiktionary/resources/res/drawable-xhdpi-v4/icon.png;JADX/org.wkentaur.etwiktionary/resources/res/drawable-mdpi-v4/icon.png;JADX/org.wkentaur.etwiktionary/resources/res/drawable-hdpi-v4/icon.png;JADX/org.wkentaur.etwiktionary/resources/res/drawable-ldpi-v4/icon.png;JADX/org.wkentaur.etwiktionary/resources/assets/www/icon.png;JADX/b33fbe0518b5deb0ce2a6e95bd9ff191a894bced4ff544dd6e405f888e9aa4ab/resources/res/drawable-hdpi/icon.png;JADX/b33fbe0518b5deb0ce2a6e95bd9ff191a894bced4ff544dd6e405f888e9aa4ab/resources/res/drawable-ldpi/icon.png;JADX/b33fbe0518b5deb0ce2a6e95bd9ff191a894bced4ff544dd6e405f888e9aa4ab/resources/res/drawable-mdpi/icon.png;JADX/com.timetoknow.echo.login/resources/res/drawable-xxhdpi-v4/icon.png;JADX/com.timetoknow.echo.login/resources/res/drawable-xhdpi-v4/icon.png;JADX/com.timetoknow.echo.login/resources/res/drawable-xxxhdpi-v4/icon.png;JADX/com.timetoknow.echo.login/resources/res/drawable-mdpi-v4/icon.png;JADX/com.timetoknow.echo.login/resources/res/drawable-hdpi-v4/icon.png;JADX/com.timetoknow.echo.login/resources/res/drawable-ldpi-v4/icon.png;JADX/com.onlineorderingsecure.USADINER/resources/res/drawable-mdpi-v4/icon.png;JADX/04ef88724f02a0500210239e4f65931204860adb66d8c47109e01302d3ed814c/resources/res/drawable/icon.png;JADX/053a5a6b5de01ac16784db09422c3c462bf208f7cbd4cde4b5244393f162e357/resources/res/drawable-hdpi/icon.png;JADX/053a5a6b5de01ac16784db09422c3c462bf208f7cbd4cde4b5244393f162e357/resources/res/drawable-ldpi/icon.png;JADX/053a5a6b5de01ac16784db09422c3c462bf208f7cbd4cde4b5244393f162e357/resources/res/drawable-mdpi/icon.png;JADX/redroseknp.eam.co.in.eamlogin/resources/res/drawable/icon.png;JADX/com.tool.app_flytool/resources/res/drawable-xhdpi/icon.png;JADX/com.tool.app_flytool/resources/res/drawable-hdpi/icon.png;JADX/com.tool.app_flytool/resources/res/drawable-ldpi/icon.png;JADX/com.tool.app_flytool/resources/res/drawable-mdpi/icon.png;JADX/com.clavels/resources/res/drawable/icon.png;JADX/com.clavels/resources/res/drawable-hdpi-v4/icon.png;JADX/04cdfd2f08208e2759a6cf201dfe4c5ee6f724fb4ca752b5d2b924024e661ac1/resources/res/layout-land/folder_icon.xml;JADX/04cdfd2f08208e2759a6cf201dfe4c5ee6f724fb4ca752b5d2b924024e661ac1/resources/res/layout-land/live_folder_icon.xml;JADX/04cdfd2f08208e2759a6cf201dfe4c5ee6f724fb4ca752b5d2b924024e661ac1/resources/res/drawable/icon.png;JADX/04cdfd2f08208e2759a6cf201dfe4c5ee6f724fb4ca752b5d2b924024e661ac1/resources/res/drawable/handle_icon.xml;JADX/04cdfd2f08208e2759a6cf201dfe4c5ee6f724fb4ca752b5d2b924024e661ac1/resources/res/layout-port/folder_icon.xml;JADX/04cdfd2f08208e2759a6cf201dfe4c5ee6f724fb4ca752b5d2b924024e661ac1/resources/res/layout-port/live_folder_icon.xml;JADX/04cdfd2f08208e2759a6cf201dfe4c5ee6f724fb4ca752b5d2b924024e661ac1/resources/assets/imageicon.mbm;JADX/05ab5d0c3228eebe69d459dde2a3ce9c8f155180e095f1c5100ec4f7dc9de663/resources/res/drawable/content_icon.png;JADX/05ab5d0c3228eebe69d459dde2a3ce9c8f155180e095f1c5100ec4f7dc9de663/resources/res/drawable/icon.png;JADX/05ab5d0c3228eebe69d459dde2a3ce9c8f155180e095f1c5100ec4f7dc9de663/resources/res/drawable-hdpi/icon.png;JADX/05ab5d0c3228eebe69d459dde2a3ce9c8f155180e095f1c5100ec4f7dc9de663/resources/res/drawable-ldpi/icon.png;JADX/05ab5d0c3228eebe69d459dde2a3ce9c8f155180e095f1c5100ec4f7dc9de663/resources/res/drawable-mdpi/icon.png;JADX/016ab069253276cbface350265f0a2d5f10f38e3c7888dcc976698216c2bdeea/resources/res/drawable/icon.png;JADX/03e69c942b1df2e59faf927a0392791e756720a65163e8ea50d28c7045c45cf7/resources/res/drawable/icon.png;JADX/03e69c942b1df2e59faf927a0392791e756720a65163e8ea50d28c7045c45cf7/resources/res/drawable/install_icon.png;JADX/03e69c942b1df2e59faf927a0392791e756720a65163e8ea50d28c7045c45cf7/resources/res/drawable-hdpi/icon.png;JADX/03e69c942b1df2e59faf927a0392791e756720a65163e8ea50d28c7045c45cf7/resources/res/drawable-ldpi/icon.png;JADX/03e69c942b1df2e59faf927a0392791e756720a65163e8ea50d28c7045c45cf7/resources/res/drawable-mdpi/icon.png;JADX/05b98b45185253095ce01de46cca6f77ef1e62626c7783963896daad8539a8a0/resources/res/drawable-hdpi/icon.png;JADX/05b98b45185253095ce01de46cca6f77ef1e62626c7783963896daad8539a8a0/resources/res/drawable-ldpi/icon.png;JADX/05b98b45185253095ce01de46cca6f77ef1e62626c7783963896daad8539a8a0/resources/res/drawable-mdpi/icon.png;JADX/net.assemble.timetone/resources/res/drawable-mdpi-v4/icon.png;JADX/net.assemble.timetone/resources/res/drawable-hdpi-v4/icon.png;JADX/net.assemble.timetone/resources/res/drawable-ldpi-v4/icon.png;JADX/05bc17fce5228fec9ea0d69a346f906edfaf7ae9513974a66b30825a66dec619/resources/res/drawable-hdpi/icon.png;JADX/05bc17fce5228fec9ea0d69a346f906edfaf7ae9513974a66b30825a66dec619/resources/res/drawable-ldpi/icon.png;JADX/05bc17fce5228fec9ea0d69a346f906edfaf7ae9513974a66b30825a66dec619/resources/res/drawable-mdpi/icon.png;JADX/022c88f2397b59ef6394db385163b1ed44c5a4b720f667ca3b91983b04f89433/resources/res/drawable-hdpi/icon.png;JADX/022c88f2397b59ef6394db385163b1ed44c5a4b720f667ca3b91983b04f89433/resources/res/drawable-ldpi/icon.png;JADX/022c88f2397b59ef6394db385163b1ed44c5a4b720f667ca3b91983b04f89433/resources/res/drawable-mdpi/icon.png;JADX/an.PolFac/resources/res/drawable/icon.png;JADX/an.PolFac/resources/res/drawable-hdpi/icon.png;JADX/an.PolFac/resources/res/drawable-ldpi/icon.png;JADX/an.PolFac/resources/res/drawable-mdpi/icon.png;JADX/005ec0b94643dbdb4258a4c27851ba4f8cb9694d7fb6a8457d7f2578692a9a42/resources/res/drawable-hdpi/image_icon.png;JADX/b27bf32f8ef8b84b7ee7c45ac2190d27adde781988bad52ff1375dbb16b6c389/resources/res/drawable-hdpi/icon.png;JADX/b27bf32f8ef8b84b7ee7c45ac2190d27adde781988bad52ff1375dbb16b6c389/resources/res/drawable-hdpi/intaller_icon.png;JADX/b27bf32f8ef8b84b7ee7c45ac2190d27adde781988bad52ff1375dbb16b6c389/resources/res/drawable-ldpi/icon.png;JADX/b27bf32f8ef8b84b7ee7c45ac2190d27adde781988bad52ff1375dbb16b6c389/resources/res/drawable-mdpi/icon.png;JADX/com.gary.quicknote/resources/res/drawable-xhdpi-v4/app_icon.png;JADX/com.prevencontrol.EncuestaHabitosSaludables/resources/res/drawable-xxhdpi-v4/icon.png;JADX/com.prevencontrol.EncuestaHabitosSaludables/resources/res/drawable-xhdpi-v4/icon.png;JADX/com.prevencontrol.EncuestaHabitosSaludables/resources/res/drawable-xxxhdpi-v4/icon.png;JADX/com.prevencontrol.EncuestaHabitosSaludables/resources/res/drawable-mdpi-v4/icon.png;JADX/com.prevencontrol.EncuestaHabitosSaludables/resources/res/drawable-hdpi-v4/icon.png;JADX/com.prevencontrol.EncuestaHabitosSaludables/resources/res/drawable-ldpi-v4/icon.png;JADX/an.FilipArabTranslate/resources/res/drawable/push_icon.png;JADX/000e0948176bdec2b6e19d0f03e23f37910676a9b7e7709954614bac79269c36/resources/res/drawable/icon.png;JADX/idem.zero/resources/res/drawable/icon.png;JADX/00d878739873b7ef94786acbd3fa334f3c038e1b0370e2428cb476d836fb9b2c/resources/res/drawable-hdpi/icon.png;JADX/00d878739873b7ef94786acbd3fa334f3c038e1b0370e2428cb476d836fb9b2c/resources/res/drawable-ldpi/icon.png;JADX/00d878739873b7ef94786acbd3fa334f3c038e1b0370e2428cb476d836fb9b2c/resources/res/drawable-ldpi/sound_switch_icon.png;JADX/00d878739873b7ef94786acbd3fa334f3c038e1b0370e2428cb476d836fb9b2c/resources/res/drawable-ldpi/thumbs_up_icon.png;JADX/00d878739873b7ef94786acbd3fa334f3c038e1b0370e2428cb476d836fb9b2c/resources/res/drawable-mdpi/icon.png;JADX/05a50d0d9420eac2c6aa11cddcfd46d479d5c26da9a43d2ee6848a4539c2d7f0/resources/res/drawable-hdpi/icon.png;JADX/05a50d0d9420eac2c6aa11cddcfd46d479d5c26da9a43d2ee6848a4539c2d7f0/resources/res/drawable-ldpi/icon.png;JADX/05a50d0d9420eac2c6aa11cddcfd46d479d5c26da9a43d2ee6848a4539c2d7f0/resources/res/drawable-mdpi/icon.png;JADX/01e1164bef82ceb384d0b8d33b99f40de383b5346b8599010977143be6bd0a69/resources/res/drawable/tiltmazes_icon.png;JADX/01e1164bef82ceb384d0b8d33b99f40de383b5346b8599010977143be6bd0a69/resources/com/admogo/assets/baidu_icon.png;JADX/b62d69ed54c99ed9a3ad5c9109ec384f3757273f9762afeb151dfcfb860dec24/resources/res/drawable/icon.png;JADX/03d9bfea650206748df30864c4af5b0ce4639be43526fdaf94673639f352bd7d/resources/res/drawable-hdpi/icon.png;JADX/03d9bfea650206748df30864c4af5b0ce4639be43526fdaf94673639f352bd7d/resources/res/drawable-ldpi/icon.png;JADX/03d9bfea650206748df30864c4af5b0ce4639be43526fdaf94673639f352bd7d/resources/res/drawable-mdpi/icon.png;JADX/com.fern.kiosk/resources/res/drawable/icon.png;JADX/it.piacenza.paintball/resources/res/drawable-hdpi/pin_icon.png;JADX/033f16e34fc8b4af246dd49cb6fb0c7918699c32e592586c4f969439f5876481/resources/res/drawable-hdpi/icon.png;JADX/033f16e34fc8b4af246dd49cb6fb0c7918699c32e592586c4f969439f5876481/resources/res/drawable-ldpi/icon.png;JADX/033f16e34fc8b4af246dd49cb6fb0c7918699c32e592586c4f969439f5876481/resources/res/drawable-mdpi/icon.png;JADX/039f9ac39b8baa7f6ea7db49e4587ee4c45f36219461515e242491f592548b51/resources/res/drawable/icon.png;JADX/watchlive.net.footballlivestream/resources/res/drawable/icon.png;JADX/b25da246e48c46c37eca75a3a5e7f2fb12e8ab581dfaf3c5866b82ceeffbc309/resources/res/drawable/icon.png;JADX/021b664d927ee81e90b936e6b880844b040753bc048debff0358b39fa15c39e7/resources/res/drawable/icon.png;JADX/07cc72f03d7ca465553eeac760d52a722c2ce2891cf708280b1a1d1c0aa7ad64/resources/res/drawable-mdpi/icon.png;JADX/triplone.zero/resources/res/drawable/icon.png;JADX/0015ae7c27688d45f79170dcea16131ce557912a1a0c5f3b6b0465ee0774a452/resources/res/drawable/icon.png;JADX/043f5a7ade062f0896e414c6e91deda8765693cc0b09587c0a9d370edc3860c4/resources/res/drawable/icon.png;JADX/site.ikonsultan.net.ikonsultan/resources/res/drawable/icon.png;JADX/05a08d700515e000fbf035a920f2215b957d5dceec987009c3bf9613c2dfd4b4/resources/res/drawable/icon.png;JADX/011ab1e277af208d7c369781696abf9c05052cabf36b592e2dd452c6dc3a9a51/resources/res/drawable/icon.png;JADX/011ab1e277af208d7c369781696abf9c05052cabf36b592e2dd452c6dc3a9a51/resources/res/drawable-hdpi/icon.png;JADX/011ab1e277af208d7c369781696abf9c05052cabf36b592e2dd452c6dc3a9a51/resources/res/drawable-ldpi/icon.png;JADX/011ab1e277af208d7c369781696abf9c05052cabf36b592e2dd452c6dc3a9a51/resources/res/drawable-mdpi/icon.png;JADX/025ab95fa2b88dabc0894d575ae0b961f1b22c2da2adf1569c35ba1a7e776970/resources/res/drawable/icon.png;JADX/025ab95fa2b88dabc0894d575ae0b961f1b22c2da2adf1569c35ba1a7e776970/resources/res/drawable-hdpi/icon.png;JADX/025ab95fa2b88dabc0894d575ae0b961f1b22c2da2adf1569c35ba1a7e776970/resources/res/drawable-ldpi/icon.png;JADX/025ab95fa2b88dabc0894d575ae0b961f1b22c2da2adf1569c35ba1a7e776970/resources/res/drawable-mdpi/icon.png;JADX/b52df75d6e18242ebde33337555499b0e3c88f471a0cae8aba7a8435db23505e/resources/res/drawable-hdpi/icon.png;JADX/b52df75d6e18242ebde33337555499b0e3c88f471a0cae8aba7a8435db23505e/resources/res/drawable-ldpi/icon.png;JADX/b52df75d6e18242ebde33337555499b0e3c88f471a0cae8aba7a8435db23505e/resources/res/drawable-mdpi/icon.png;JADX/zekitez.com.satelliteestimator/resources/res/drawable/icon.png;JADX/zekitez.com.satelliteestimator/resources/res/drawable-xhdpi-v4/icon.png;JADX/zekitez.com.satelliteestimator/resources/res/drawable-mdpi-v4/icon.png;JADX/zekitez.com.satelliteestimator/resources/res/drawable-hdpi-v4/icon.png;JADX/zekitez.com.satelliteestimator/resources/res/drawable-ldpi-v4/icon.png;JADX/com.MayanMultiplication/resources/res/drawable-mdpi/icon.png;JADX/com.f5craft.joviapp/resources/res/drawable-hdpi/pin_icon.png;JADX/com.addiMappingPackage/resources/res/drawable/icon.PNG;JADX/047dadbd106ee6d03ab38b263510efb362a21e6f409f646b98ae0732646d603a/resources/res/drawable-hdpi/icon.png;JADX/047dadbd106ee6d03ab38b263510efb362a21e6f409f646b98ae0732646d603a/resources/res/drawable-ldpi/icon.png;JADX/047dadbd106ee6d03ab38b263510efb362a21e6f409f646b98ae0732646d603a/resources/res/drawable-mdpi/icon.png;JADX/024ba9cf9746ebb0a96b447a678f9362c7d05383ab20e9b4fc268a6eed3cb5b0/resources/res/drawable/other_antigen_icon.png;JADX/024ba9cf9746ebb0a96b447a678f9362c7d05383ab20e9b4fc268a6eed3cb5b0/resources/res/drawable/icon.png;JADX/024ba9cf9746ebb0a96b447a678f9362c7d05383ab20e9b4fc268a6eed3cb5b0/resources/res/drawable/other_wixel_icon.png;JADX/024ba9cf9746ebb0a96b447a678f9362c7d05383ab20e9b4fc268a6eed3cb5b0/resources/res/drawable/other_lr3d_icon.png;JADX/024ba9cf9746ebb0a96b447a678f9362c7d05383ab20e9b4fc268a6eed3cb5b0/resources/res/drawable/other_lr_icon.png;JADX/024ba9cf9746ebb0a96b447a678f9362c7d05383ab20e9b4fc268a6eed3cb5b0/resources/res/drawable-hdpi/icon.png;JADX/024ba9cf9746ebb0a96b447a678f9362c7d05383ab20e9b4fc268a6eed3cb5b0/resources/res/drawable-mdpi/icon.png;JADX/com.PrimalityTest/resources/res/drawable-mdpi-v4/icon.png;JADX/trex.tv.astv.mobile/resources/res/drawable-xhdpi-v4/icon.png;JADX/trex.tv.astv.mobile/resources/res/drawable-mdpi-v4/icon.png;JADX/trex.tv.astv.mobile/resources/res/drawable-hdpi-v4/icon.png;JADX/trex.tv.astv.mobile/resources/res/drawable-ldpi-v4/icon.png;JADX/064c788acbf22b2bf141639f8612caf011078469e254c71d176007352589fc16/resources/res/drawable/solitaire_icon.png;JADX/008cd5abdf32debe0be75b66bf0bcde08c96e62cf77b4fc857ad0b201fcab808/resources/res/drawable/icon.png;JADX/02f33a68e7425458671ae48d5fc4c451533b459fa678458c87186fe6d1969825/resources/res/drawable/icon.png;JADX/034a7c39666d859c9773e3f4e305f79bef95471f45ec3362a9fb3f27c661bf01/resources/res/drawable/icon.png;JADX/05b87d92c45111cb5f22562cfdad72d10ea1955edfce65ec64f0bec8853d2e19/resources/res/drawable/icon.png;JADX/057be424bd9953e4e247352f21da216fc22ed7d00b1806f11c70779ea6a6b203/resources/res/drawable-hdpi/icon.png;JADX/057be424bd9953e4e247352f21da216fc22ed7d00b1806f11c70779ea6a6b203/resources/res/drawable-hdpi/searchicon.png;JADX/07dc04b694b2bbcdde7ac558de95ec8697ab5f00c021c7c429c52d50239218c5/resources/res/drawable-hdpi/icon.png;JADX/trex.tv.tv21.mobile/resources/res/drawable-xhdpi-v4/icon.png;JADX/trex.tv.tv21.mobile/resources/res/drawable-mdpi-v4/icon.png;JADX/trex.tv.tv21.mobile/resources/res/drawable-hdpi-v4/icon.png;JADX/trex.tv.tv21.mobile/resources/res/drawable-ldpi-v4/icon.png;JADX/b58fb4a48862a10633cd5a9a563129a9b5c88c307189f12475a8b130172be72b/resources/res/drawable-hdpi-854x480/icon.png;JADX/b58fb4a48862a10633cd5a9a563129a9b5c88c307189f12475a8b130172be72b/resources/res/drawable-hdpi/icon.png;JADX/b58fb4a48862a10633cd5a9a563129a9b5c88c307189f12475a8b130172be72b/resources/res/drawable-ldpi/icon.png;JADX/b58fb4a48862a10633cd5a9a563129a9b5c88c307189f12475a8b130172be72b/resources/res/drawable-mdpi/icon.png;JADX/b58fb4a48862a10633cd5a9a563129a9b5c88c307189f12475a8b130172be72b/resources/res/drawable-mdpi/notification_icon.png;JADX/appinventor.ai_apps.ConsoleBang/resources/assets/www/favicon.ico;JADX/appinventor.ai_apps.ConsoleBang/resources/assets/www/images/touch/apple-touch-icon.png;JADX/an.BusinessCal/resources/res/drawable/push_icon.png;JADX/an.BusinessCal/resources/res/drawable-hdpi/icon.png;JADX/an.BusinessCal/resources/res/drawable-ldpi/icon.png;JADX/an.BusinessCal/resources/res/drawable-mdpi/icon.png;JADX/02af11a4fa606940de1d4ddec4a1d567090c0df413c2a28529a9bf0253026033/resources/res/drawable/icon.png;JADX/com.chosenmarkets/resources/res/drawable-hdpi/pin_icon.png;JADX/00002d74a9faa53f5199c910b652ef09d3a7f6bd42b693755a233635c3ffb0f4/resources/res/drawable-hdpi/image_icon.png;JADX/01c6814940f2a3f146a3fc397415079a94feeb7141692ec525b6cacdbaea6067/resources/res/drawable/smsicon.png;JADX/01c6814940f2a3f146a3fc397415079a94feeb7141692ec525b6cacdbaea6067/resources/res/drawable/icon.png;JADX/trex.tv.kanalege.mobile/resources/res/drawable/icon.png;JADX/trex.tv.kanalege.mobile/resources/res/drawable-xhdpi-v4/icon.png;JADX/trex.tv.kanalege.mobile/resources/res/drawable-mdpi-v4/icon.png;JADX/trex.tv.kanalege.mobile/resources/res/drawable-hdpi-v4/icon.png;JADX/trex.tv.kanalege.mobile/resources/res/drawable-ldpi-v4/icon.png;JADX/016d7a6fd2562c8567cdf48cecb38b0d2d72d0ec75ef9053e85372e54b7d45d3/resources/res/drawable/icon.png;JADX/03e5019f2911338dfdbe3e569092234f4d90738fdcdc93aed8da2bc5e243cddb/resources/res/drawable-hdpi/icon.png;JADX/03e5019f2911338dfdbe3e569092234f4d90738fdcdc93aed8da2bc5e243cddb/resources/res/drawable-ldpi/icon.png;JADX/03e5019f2911338dfdbe3e569092234f4d90738fdcdc93aed8da2bc5e243cddb/resources/res/drawable-mdpi/icon.png;JADX/03a2c97e0ed693d31b8974b2383f2ccb2b3d5a6046042e242085c9817855b1cb/resources/res/drawable-hdpi/icon.png;JADX/03a2c97e0ed693d31b8974b2383f2ccb2b3d5a6046042e242085c9817855b1cb/resources/res/drawable-ldpi/icon.png;JADX/03a2c97e0ed693d31b8974b2383f2ccb2b3d5a6046042e242085c9817855b1cb/resources/res/drawable-mdpi/icon.png;JADX/com.bneiakivasp.bneiakivasp/resources/res/drawable-xhdpi-v4/app_icon.png;JADX/com.bneiakivasp.bneiakivasp/resources/res/drawable-xhdpi-v4/push_icon.png;JADX/com.bneiakivasp.bneiakivasp/resources/res/drawable-mdpi-v4/app_icon.png;JADX/com.bneiakivasp.bneiakivasp/resources/res/drawable-mdpi-v4/push_icon.png;JADX/com.bneiakivasp.bneiakivasp/resources/res/drawable-hdpi-v4/app_icon.png;JADX/com.bneiakivasp.bneiakivasp/resources/res/drawable-hdpi-v4/push_icon.png;JADX/com.bneiakivasp.bneiakivasp/resources/res/drawable-ldpi-v4/app_icon.png;JADX/com.bneiakivasp.bneiakivasp/resources/res/drawable-ldpi-v4/push_icon.png;JADX/de.xipa.calc/resources/res/drawable-xhdpi-v4/icon.png;JADX/de.xipa.calc/resources/res/drawable-mdpi-v4/icon.png;JADX/de.xipa.calc/resources/res/drawable-hdpi-v4/icon.png;JADX/de.xipa.calc/resources/res/drawable-ldpi-v4/icon.png;JADX/01b49fed999c4c998b0c18b632d02001eea00f24f557a346ea59dfc18e15c6b9/resources/res/drawable/icon.png;JADX/com.andsoft4all.scribedemo/resources/res/drawable/icon.png;JADX/com.chinesemenuonline.beijingportage/resources/res/drawable-mdpi-v4/icon.png;JADX/calc.alphaF/resources/res/drawable-hdpi/icon.png;JADX/calc.alphaF/resources/res/drawable-ldpi/icon.png;JADX/calc.alphaF/resources/res/drawable-mdpi/icon.png;JADX/jaminanbpkbmobil.net.gadaibpkbmotor/resources/res/drawable/icon.png;JADX/b54ef98474f94e302820257261797e9f491aa46d7d1ee63d9179f2d6cc0e35be/resources/res/drawable/content_icon.png;JADX/b54ef98474f94e302820257261797e9f491aa46d7d1ee63d9179f2d6cc0e35be/resources/res/drawable/icon.png;JADX/b54ef98474f94e302820257261797e9f491aa46d7d1ee63d9179f2d6cc0e35be/resources/res/drawable-hdpi/icon.png;JADX/b54ef98474f94e302820257261797e9f491aa46d7d1ee63d9179f2d6cc0e35be/resources/res/drawable-ldpi/icon.png;JADX/b54ef98474f94e302820257261797e9f491aa46d7d1ee63d9179f2d6cc0e35be/resources/res/drawable-mdpi/icon.png;JADX/com.nh.tools/resources/res/drawable-xhdpi-v4/dummy_icon.png;JADX/02cc86e73be61180fd66ac9625f655217757291ba255adbe1efeca2d1f2803ec/resources/res/drawable-hdpi/icon.png;JADX/02cc86e73be61180fd66ac9625f655217757291ba255adbe1efeca2d1f2803ec/resources/res/drawable-ldpi/icon.png;JADX/02cc86e73be61180fd66ac9625f655217757291ba255adbe1efeca2d1f2803ec/resources/res/drawable-mdpi/icon.png;JADX/com.kurtajfiyatist/resources/res/drawable-hdpi/pin_icon.png;JADX/011d701664005b060f1392c3e7f3386cf5711bac825a52f810144f0394b017cf/resources/res/drawable/myicon.jpg;JADX/011d701664005b060f1392c3e7f3386cf5711bac825a52f810144f0394b017cf/resources/res/drawable-hdpi/icon.png;JADX/011d701664005b060f1392c3e7f3386cf5711bac825a52f810144f0394b017cf/resources/res/drawable-ldpi/icon.png;JADX/011d701664005b060f1392c3e7f3386cf5711bac825a52f810144f0394b017cf/resources/res/drawable-mdpi/icon.png;JADX/daysmaster/resources/res/drawable-xxhdpi-v4/history_empty_icon.png;JADX/daysmaster/resources/res/drawable/navigation_empty_icon.xml;JADX/daysmaster/resources/res/drawable/tab_icon.xml;JADX/daysmaster/resources/res/layout/design_layout_tab_icon.xml;JADX/daysmaster/resources/res/layout/item_setting_no_icon.xml;JADX/daysmaster/resources/res/layout/abc_list_menu_item_icon.xml;JADX/daysmaster/resources/res/layout/design_text_input_password_icon.xml;JADX/024d89786cd52f23927d225a0ec23c04fb9de9c27f0892d6c6e2758e9d6021c5/resources/res/drawable-hdpi/icon.png;JADX/021dd8cb942c749f6f4d64b592497f68d589d3b22499dec3c1009743ee98499c/resources/res/drawable-hdpi/icon.png;JADX/021dd8cb942c749f6f4d64b592497f68d589d3b22499dec3c1009743ee98499c/resources/res/drawable-hdpi/searchicon.png;JADX/nihadliu.vicevi/resources/res/drawable-xxhdpi-v4/icon.png;JADX/nihadliu.vicevi/resources/res/drawable-xhdpi-v4/icon.png;JADX/nihadliu.vicevi/resources/res/drawable-xxxhdpi-v4/icon.png;JADX/nihadliu.vicevi/resources/res/drawable-mdpi-v4/icon.png;JADX/nihadliu.vicevi/resources/res/drawable-hdpi-v4/icon.png;JADX/nihadliu.vicevi/resources/res/drawable-ldpi-v4/icon.png;JADX/02b2f21b775e0d0930e1f9a8d11f196070de2aea96937f1d5e89a9573853716c/resources/res/drawable-hdpi/image_icon.png;JADX/chung.design.goplayer/resources/res/drawable-mdpi-v4/icon.png;JADX/chung.design.goplayer/resources/res/drawable-hdpi-v4/icon.png;JADX/chung.design.goplayer/resources/res/drawable-ldpi-v4/icon.png;JADX/027c6d70c5770b950379081e9cfec8611ed37660e36fd40e8a913bb3313bb18a/resources/res/drawable/icon.png;JADX/027c6d70c5770b950379081e9cfec8611ed37660e36fd40e8a913bb3313bb18a/resources/res/drawable-hdpi/icon.png;JADX/027c6d70c5770b950379081e9cfec8611ed37660e36fd40e8a913bb3313bb18a/resources/res/drawable-ldpi/icon.png;JADX/027c6d70c5770b950379081e9cfec8611ed37660e36fd40e8a913bb3313bb18a/resources/res/drawable-mdpi/icon.png;JADX/01a3ed554a26373d89deafacd69144f342c6d20dfaa870180b5bc21daff816d4/resources/res/drawable-hdpi/icon.png;JADX/com.hcea.settings/resources/res/drawable-xxhdpi-v4/noti_icon.png;JADX/com.hcea.settings/resources/res/drawable-xxhdpi-v4/main_icon.png;JADX/com.hcea.settings/resources/res/drawable-xhdpi-v4/noti_icon.png;JADX/com.hcea.settings/resources/res/drawable-xhdpi-v4/main_icon.png;JADX/com.hcea.settings/resources/res/drawable-xxxhdpi-v4/main_icon.png;JADX/travsnack.se.travsnacktravforum/resources/res/drawable/icon.png;JADX/02c9bddf966b59a8850a7395e7ce5af21ca16c442a0389fa0f5ec86680e39c9f/resources/res/drawable-hdpi/icon.png;JADX/02c9bddf966b59a8850a7395e7ce5af21ca16c442a0389fa0f5ec86680e39c9f/resources/res/drawable-ldpi/icon.png;JADX/02c9bddf966b59a8850a7395e7ce5af21ca16c442a0389fa0f5ec86680e39c9f/resources/res/drawable-mdpi/icon.png;JADX/005b46f64c266bc14ced91703b28c2411f2f4e4e19cae9f3883d385cb27d7642/resources/res/drawable/icon.png;JADX/005b46f64c266bc14ced91703b28c2411f2f4e4e19cae9f3883d385cb27d7642/resources/res/drawable/install_icon.png;JADX/005b46f64c266bc14ced91703b28c2411f2f4e4e19cae9f3883d385cb27d7642/resources/res/drawable-hdpi/icon.png;JADX/005b46f64c266bc14ced91703b28c2411f2f4e4e19cae9f3883d385cb27d7642/resources/res/drawable-ldpi/icon.png;JADX/005b46f64c266bc14ced91703b28c2411f2f4e4e19cae9f3883d385cb27d7642/resources/res/drawable-mdpi/icon.png;JADX/04d8ef5ba4842b7c4661a31279ce04e9c3fe0c4028d11112fdc0195e7b241ea4/resources/res/drawable/icon.png;JADX/04d8ef5ba4842b7c4661a31279ce04e9c3fe0c4028d11112fdc0195e7b241ea4/resources/res/drawable/ppy_emoticon.png;JADX/04d8ef5ba4842b7c4661a31279ce04e9c3fe0c4028d11112fdc0195e7b241ea4/resources/res/drawable/ppy_facebook_icon.png;JADX/04d8ef5ba4842b7c4661a31279ce04e9c3fe0c4028d11112fdc0195e7b241ea4/resources/res/layout/ppy_chaticon.xml;JADX/04d8ef5ba4842b7c4661a31279ce04e9c3fe0c4028d11112fdc0195e7b241ea4/resources/assets/web-resources/images/android_139/skin_icon.png;JADX/04d8ef5ba4842b7c4661a31279ce04e9c3fe0c4028d11112fdc0195e7b241ea4/resources/assets/web-resources/images/android_143/task_icon.png;JADX/04d8ef5ba4842b7c4661a31279ce04e9c3fe0c4028d11112fdc0195e7b241ea4/resources/assets/web-resources/images/android_143/notification_icon.png;JADX/017b52481558fa82f4265d3616bdc87991b3a3096999f19032cc27f047e1f9ff/resources/res/drawable/icon.png;JADX/04edada0f9506f0ca6896f6b3922b2c596b0a029edb66ff7afc37da2892a2639/resources/res/drawable-hdpi/icon.png;JADX/04edada0f9506f0ca6896f6b3922b2c596b0a029edb66ff7afc37da2892a2639/resources/res/drawable-ldpi/icon.png;JADX/04edada0f9506f0ca6896f6b3922b2c596b0a029edb66ff7afc37da2892a2639/resources/res/drawable-mdpi/icon.png;JADX/04edada0f9506f0ca6896f6b3922b2c596b0a029edb66ff7afc37da2892a2639/resources/assets/icon.png;JADX/b044eb659456091ab67ded9d832e55368210933c2d19565008c7a52b8417ee95/resources/res/drawable/icon.png;JADX/b044eb659456091ab67ded9d832e55368210933c2d19565008c7a52b8417ee95/resources/res/drawable-hdpi/icon.png;JADX/b044eb659456091ab67ded9d832e55368210933c2d19565008c7a52b8417ee95/resources/res/drawable-ldpi/icon.png;JADX/b044eb659456091ab67ded9d832e55368210933c2d19565008c7a52b8417ee95/resources/res/drawable-mdpi/icon.png;JADX/05a64c76b56919f4c6063ce376b59ac84c707425d6a442936b5ad659f7293c1e/resources/res/drawable/icon.png;JADX/04ad8bbcda68e2b3c8ec0669625c348b4a191589154260c7f86957b9adc51e0d/resources/res/drawable/icon.png;JADX/04ad8bbcda68e2b3c8ec0669625c348b4a191589154260c7f86957b9adc51e0d/resources/res/drawable-hdpi/icon.png;JADX/04ad8bbcda68e2b3c8ec0669625c348b4a191589154260c7f86957b9adc51e0d/resources/res/drawable-ldpi/icon.png;JADX/04ad8bbcda68e2b3c8ec0669625c348b4a191589154260c7f86957b9adc51e0d/resources/res/drawable-mdpi/icon.png;JADX/freebitco.in.bitcoinfaucet/resources/res/drawable/icon.png;JADX/b58a06964c35a267adab667c8983b2b17afdf29c2357a5fb5a3d32347c7d391b/resources/res/drawable/icon.png;JADX/com.droid.CAGR/resources/res/drawable-mdpi-v4/icon.png;JADX/com.droid.CAGR/resources/res/drawable-hdpi-v4/icon.png;JADX/com.droid.CAGR/resources/res/drawable-ldpi-v4/icon.png;JADX/com.amuzenet.appsbuilder022257/resources/res/drawable-hdpi/icon.png;JADX/com.amuzenet.appsbuilder022257/resources/res/drawable-ldpi/icon.png;JADX/com.amuzenet.appsbuilder022257/resources/res/drawable-mdpi/icon.png;JADX/com.icedream.kakaotalk.material.indigo/resources/res/drawable/thm_tab_chatting_icon.xml;JADX/com.icedream.kakaotalk.material.indigo/resources/res/drawable/thm_passlock_keypad_4_button_icon.xml;JADX/com.icedream.kakaotalk.material.indigo/resources/res/drawable/thm_passlock_keypad_3_button_icon.xml;JADX/com.icedream.kakaotalk.material.indigo/resources/res/drawable/thm_passlock_keypad_back_button_icon.xml;JADX/com.icedream.kakaotalk.material.indigo/resources/res/drawable/thm_passlock_keypad_2_button_icon.xml;JADX/com.icedream.kakaotalk.material.indigo/resources/res/drawable/thm_passlock_keypad_5_button_icon.xml;JADX/com.icedream.kakaotalk.material.indigo/resources/res/drawable/thm_tab_more_icon.xml;JADX/com.icedream.kakaotalk.material.indigo/resources/res/drawable/thm_passlock_keypad_0_button_icon.xml;JADX/com.icedream.kakaotalk.material.indigo/resources/res/drawable/thm_chatroom_plus_home_button_icon.xml;JADX/com.icedream.kakaotalk.material.indigo/resources/res/drawable/thm_new_chatroom_start_icon.xml;JADX/com.icedream.kakaotalk.material.indigo/resources/res/drawable/thm_tab_recommend_icon.xml;JADX/com.icedream.kakaotalk.material.indigo/resources/res/drawable/thm_passlock_keypad_8_button_icon.xml;JADX/com.icedream.kakaotalk.material.indigo/resources/res/drawable/thm_passlock_keypad_7_button_icon.xml;JADX/com.icedream.kakaotalk.material.indigo/resources/res/drawable/thm_passlock_keypad_9_button_icon.xml;JADX/com.icedream.kakaotalk.material.indigo/resources/res/drawable/thm_tab_friend_icon.xml;JADX/com.icedream.kakaotalk.material.indigo/resources/res/drawable/thm_passlock_keypad_6_button_icon.xml;JADX/com.icedream.kakaotalk.material.indigo/resources/res/drawable/thm_action_bar_done_button_icon.xml;JADX/com.icedream.kakaotalk.material.indigo/resources/res/drawable/thm_passlock_keypad_1_button_icon.xml;JADX/com.icedream.kakaotalk.material.indigo/resources/res/drawable-xhdpi-v4/thm_more_function_item_gamecenter_icon.png;JADX/com.icedream.kakaotalk.material.indigo/resources/res/drawable-xhdpi-v4/thm_more_function_item_style_icon.png;JADX/com.icedream.kakaotalk.material.indigo/resources/res/drawable-xhdpi-v4/thm_more_function_item_pagestore_icon.png;JADX/com.icedream.kakaotalk.material.indigo/resources/res/drawable-xhdpi-v4/thm_more_function_item_notice_icon.png;JADX/com.icedream.kakaotalk.material.indigo/resources/res/drawable-xhdpi-v4/thm_more_function_item_makers_icon.png;JADX/com.icedream.kakaotalk.material.indigo/resources/res/drawable-xhdpi-v4/thm_recommend_menu_find_id_icon.png;JADX/com.icedream.kakaotalk.material.indigo/resources/res/drawable-xhdpi-v4/thm_recommend_menu_invite_friend_icon.png;JADX/com.icedream.kakaotalk.material.indigo/resources/res/drawable-xhdpi-v4/thm_more_function_item_itemstore_icon.png;JADX/com.icedream.kakaotalk.material.indigo/resources/res/drawable-xhdpi-v4/thm_more_function_item_plusfriend_icon.png;JADX/com.icedream.kakaotalk.material.indigo/resources/res/drawable-xhdpi-v4/thm_recommend_menu_find_shake_icon.png;JADX/com.icedream.kakaotalk.material.indigo/resources/res/drawable-xhdpi-v4/thm_more_function_item_hotdeal_icon.png;JADX/com.icedream.kakaotalk.material.indigo/resources/res/drawable-xhdpi-v4/thm_more_function_item_giftshop_icon.png;JADX/com.icedream.kakaotalk.material.indigo/resources/res/drawable-xhdpi-v4/thm_recommend_menu_find_qr_icon.png;JADX/com.icedream.kakaotalk.material.indigo/resources/res/drawable-xhdpi-v4/thm_more_function_item_kakaopay_icon.png;JADX/com.icedream.kakaotalk.material.indigo/resources/res/drawable-xhdpi-v4/thm_more_function_item_reward_icon.png;JADX/com.icedream.kakaotalk.material.indigo/resources/res/drawable-xhdpi-v4/thm_more_function_item_tv_icon.png;JADX/com.icedream.kakaotalk.material.indigo/resources/res/drawable-hdpi-v4/thm_more_function_item_gamecenter_icon.png;JADX/com.icedream.kakaotalk.material.indigo/resources/res/drawable-hdpi-v4/icon.png;JADX/com.icedream.kakaotalk.material.indigo/resources/res/drawable-hdpi-v4/thm_general_searchbox_icon.png;JADX/com.icedream.kakaotalk.material.indigo/resources/res/drawable-hdpi-v4/thm_more_function_item_style_icon.png;JADX/com.icedream.kakaotalk.material.indigo/resources/res/drawable-hdpi-v4/thm_more_function_item_pagestore_icon.png;JADX/com.icedream.kakaotalk.material.indigo/resources/res/drawable-hdpi-v4/thm_chatroom_media_button_icon.png;JADX/com.icedream.kakaotalk.material.indigo/resources/res/drawable-hdpi-v4/thm_more_function_item_notice_icon.png;JADX/com.icedream.kakaotalk.material.indigo/resources/res/drawable-hdpi-v4/thm_more_function_item_makers_icon.png;JADX/com.icedream.kakaotalk.material.indigo/resources/res/drawable-hdpi-v4/thm_recommend_menu_find_id_icon.png;JADX/com.icedream.kakaotalk.material.indigo/resources/res/drawable-hdpi-v4/thm_recommend_menu_invite_friend_icon.png;JADX/com.icedream.kakaotalk.material.indigo/resources/res/drawable-hdpi-v4/thm_more_function_item_itemstore_icon.png;JADX/com.icedream.kakaotalk.material.indigo/resources/res/drawable-hdpi-v4/thm_more_function_item_plusfriend_icon.png;JADX/com.icedream.kakaotalk.material.indigo/resources/res/drawable-hdpi-v4/thm_recommend_menu_find_shake_icon.png;JADX/com.icedream.kakaotalk.material.indigo/resources/res/drawable-hdpi-v4/thm_more_function_item_hotdeal_icon.png;JADX/com.icedream.kakaotalk.material.indigo/resources/res/drawable-hdpi-v4/thm_more_function_item_giftshop_icon.png;JADX/com.icedream.kakaotalk.material.indigo/resources/res/drawable-hdpi-v4/thm_recommend_menu_find_qr_icon.png;JADX/com.icedream.kakaotalk.material.indigo/resources/res/drawable-hdpi-v4/thm_minipf_close_button_icon.png;JADX/com.icedream.kakaotalk.material.indigo/resources/res/drawable-hdpi-v4/thm_more_function_item_kakaopay_icon.png;JADX/com.icedream.kakaotalk.material.indigo/resources/res/drawable-hdpi-v4/thm_more_function_item_reward_icon.png;JADX/com.icedream.kakaotalk.material.indigo/resources/res/drawable-hdpi-v4/thm_more_function_item_tv_icon.png;JADX/com.icedream.kakaotalk.material.indigo/resources/res/drawable-hdpi-v4/thm_action_bar_back_button_icon.png;JADX/com.emmondanteasfalusapp.appsc2/resources/res/drawable-xhdpi-v4/icon.png;JADX/com.emmondanteasfalusapp.appsc2/resources/res/drawable-mdpi-v4/icon.png;JADX/com.emmondanteasfalusapp.appsc2/resources/res/drawable-hdpi-v4/icon.png;JADX/com.emmondanteasfalusapp.appsc2/resources/res/drawable-ldpi-v4/icon.png;JADX/com.al.dlnaserver/resources/res/drawable-xxhdpi-v4/icon.png;JADX/com.al.dlnaserver/resources/res/drawable-xhdpi-v4/icon.png;JADX/com.al.dlnaserver/resources/res/drawable-mdpi-v4/icon.png;JADX/com.al.dlnaserver/resources/res/drawable-hdpi-v4/icon.png;JADX/b54ee679fbb490e6e72a1d1c929a9a55fb94392cbb0a7954504f1eb026460ab0/resources/res/drawable/icon.png;JADX/mobi.mgeek.ScreenCut/resources/res/drawable-hdpi-v4/about_icon.png;JADX/com.panagola.app.bluef/resources/res/drawable-xxhdpi-v4/small_icon.png;JADX/com.panagola.app.bluef/resources/res/drawable-xhdpi-v4/app_icon.png;JADX/com.visualnet.weather/resources/res/drawable/icon.png;JADX/an.BengaliTranslate/resources/res/drawable/push_icon.png;JADX/06eb19d137ff0a0ccd778b236e8d45c3b9b078115b2ed69baf06aee0244980c1/resources/res/drawable-hdpi/icon.png;JADX/06eb19d137ff0a0ccd778b236e8d45c3b9b078115b2ed69baf06aee0244980c1/resources/res/drawable-ldpi/icon.png;JADX/06eb19d137ff0a0ccd778b236e8d45c3b9b078115b2ed69baf06aee0244980c1/resources/res/drawable-mdpi/icon.png;JADX/tg.android.softkeyboard/resources/res/drawable-mdpi-v4/hr_icon.png;JADX/tg.android.softkeyboard/resources/res/drawable-hdpi-v4/hr_icon.png;JADX/tg.android.softkeyboard/resources/res/drawable-ldpi-v4/hr_icon.png;JADX/004d92fbf197f97658f817f0d7ca7219729db23b8211a18f3c5a2bc0120e4c0d/resources/res/drawable-hdpi/icon.png;JADX/004d92fbf197f97658f817f0d7ca7219729db23b8211a18f3c5a2bc0120e4c0d/resources/res/drawable-ldpi/icon.png;JADX/004d92fbf197f97658f817f0d7ca7219729db23b8211a18f3c5a2bc0120e4c0d/resources/res/drawable-mdpi/icon.png;JADX/01be90f0119b722d0012c269a89dd548138018695fbae64b4374f3610b0d0c99/resources/res/drawable/content_icon.png;JADX/01be90f0119b722d0012c269a89dd548138018695fbae64b4374f3610b0d0c99/resources/res/drawable/icon.png;JADX/01be90f0119b722d0012c269a89dd548138018695fbae64b4374f3610b0d0c99/resources/res/drawable-hdpi/icon.png;JADX/01be90f0119b722d0012c269a89dd548138018695fbae64b4374f3610b0d0c99/resources/res/drawable-ldpi/icon.png;JADX/01be90f0119b722d0012c269a89dd548138018695fbae64b4374f3610b0d0c99/resources/res/drawable-mdpi/icon.png;JADX/00ed8f76dc592d928b3639e44eac7615c928cdca3c85097738f608f1327741ad/resources/res/drawable/icon.png;JADX/00ed8f76dc592d928b3639e44eac7615c928cdca3c85097738f608f1327741ad/resources/res/drawable/install_icon.png;JADX/00ed8f76dc592d928b3639e44eac7615c928cdca3c85097738f608f1327741ad/resources/res/drawable-hdpi/icon.png;JADX/00ed8f76dc592d928b3639e44eac7615c928cdca3c85097738f608f1327741ad/resources/res/drawable-ldpi/icon.png;JADX/00ed8f76dc592d928b3639e44eac7615c928cdca3c85097738f608f1327741ad/resources/res/drawable-mdpi/icon.png;JADX/016aec03709187081a8b65d324c905d640f086749b440d135c3f3f0ddb8a137d/resources/res/layout/preference_icon.xml;JADX/016aec03709187081a8b65d324c905d640f086749b440d135c3f3f0ddb8a137d/resources/res/drawable-hdpi/icon.png;JADX/016aec03709187081a8b65d324c905d640f086749b440d135c3f3f0ddb8a137d/resources/res/drawable-ldpi/icon.png;JADX/016aec03709187081a8b65d324c905d640f086749b440d135c3f3f0ddb8a137d/resources/res/drawable-mdpi/icon.png;JADX/00cf11a8b905e891a454e5b3fcae41f3ed405e3c5d0f9c1fce310de4a88c42d0/resources/res/drawable-hdpi/icon.png;JADX/00cf11a8b905e891a454e5b3fcae41f3ed405e3c5d0f9c1fce310de4a88c42d0/resources/res/drawable-ldpi/icon.png;JADX/00cf11a8b905e891a454e5b3fcae41f3ed405e3c5d0f9c1fce310de4a88c42d0/resources/res/drawable-mdpi/icon.png;JADX/00ceaa5f8f9be7a9ce5ffe96b5b6fb2e7e73ad87c2f023db9fa399c40ac59b62/resources/res/drawable-hdpi/icon.png;JADX/00ceaa5f8f9be7a9ce5ffe96b5b6fb2e7e73ad87c2f023db9fa399c40ac59b62/resources/res/drawable-ldpi/icon.png;JADX/00ceaa5f8f9be7a9ce5ffe96b5b6fb2e7e73ad87c2f023db9fa399c40ac59b62/resources/res/drawable-mdpi/icon.png;JADX/b32b419e0c0f7d8f9693a94e5f84139af4f648250e7cbd7bc38d61e1b27833cd/resources/res/drawable-hdpi/icon.png;JADX/b32b419e0c0f7d8f9693a94e5f84139af4f648250e7cbd7bc38d61e1b27833cd/resources/res/drawable-ldpi/icon.png;JADX/b32b419e0c0f7d8f9693a94e5f84139af4f648250e7cbd7bc38d61e1b27833cd/resources/res/drawable-mdpi/icon.png
android.widget.Button,2131034176,ID_CH3Btn,click,<chung.design.goplayer.GPlayer$5: void onClick(android.view.View)>,click,<chung.design.goplayer.GPlayer$4: void onClick(android.view.View)>,click,<chung.design.goplayer.GPlayer$9: void onClick(android.view.View)>,click,<chung.design.goplayer.GPlayer$8: void onClick(android.view.View)>,click,<chung.design.goplayer.GPlayer$3: void onClick(android.view.View)>,click,<chung.design.goplayer.GPlayer$7: void onClick(android.view.View)>,click,<chung.design.goplayer.GPlayer$6: void onClick(android.view.View)>,@layout/chbuttonstyle,JADX/chung.design.goplayer/resources/res/layout/chbuttonstyle.xml
android.widget.Button,2131034174,ID_CH1Btn,click,<chung.design.goplayer.GPlayer$5: void onClick(android.view.View)>,click,<chung.design.goplayer.GPlayer$4: void onClick(android.view.View)>,click,<chung.design.goplayer.GPlayer$9: void onClick(android.view.View)>,click,<chung.design.goplayer.GPlayer$8: void onClick(android.view.View)>,click,<chung.design.goplayer.GPlayer$3: void onClick(android.view.View)>,click,<chung.design.goplayer.GPlayer$7: void onClick(android.view.View)>,click,<chung.design.goplayer.GPlayer$6: void onClick(android.view.View)>,@layout/chbuttonstyle,JADX/chung.design.goplayer/resources/res/layout/chbuttonstyle.xml
android.widget.Button,2131034175,ID_CH2Btn,click,<chung.design.goplayer.GPlayer$5: void onClick(android.view.View)>,click,<chung.design.goplayer.GPlayer$4: void onClick(android.view.View)>,click,<chung.design.goplayer.GPlayer$9: void onClick(android.view.View)>,click,<chung.design.goplayer.GPlayer$8: void onClick(android.view.View)>,click,<chung.design.goplayer.GPlayer$3: void onClick(android.view.View)>,click,<chung.design.goplayer.GPlayer$7: void onClick(android.view.View)>,click,<chung.design.goplayer.GPlayer$6: void onClick(android.view.View)>,@layout/chbuttonstyle,JADX/chung.design.goplayer/resources/res/layout/chbuttonstyle.xml
android.widget.Button,2131034177,ID_CH4Btn,click,<chung.design.goplayer.GPlayer$5: void onClick(android.view.View)>,click,<chung.design.goplayer.GPlayer$4: void onClick(android.view.View)>,click,<chung.design.goplayer.GPlayer$9: void onClick(android.view.View)>,click,<chung.design.goplayer.GPlayer$8: void onClick(android.view.View)>,click,<chung.design.goplayer.GPlayer$3: void onClick(android.view.View)>,click,<chung.design.goplayer.GPlayer$7: void onClick(android.view.View)>,click,<chung.design.goplayer.GPlayer$6: void onClick(android.view.View)>,@layout/chbuttonstyle,JADX/chung.design.goplayer/resources/res/layout/chbuttonstyle.xml
android.widget.Button,2131034183,ID_StopBtn,click,<chung.design.goplayer.GPlayer$5: void onClick(android.view.View)>,click,<chung.design.goplayer.GPlayer$4: void onClick(android.view.View)>,click,<chung.design.goplayer.GPlayer$9: void onClick(android.view.View)>,click,<chung.design.goplayer.GPlayer$8: void onClick(android.view.View)>,click,<chung.design.goplayer.GPlayer$3: void onClick(android.view.View)>,click,<chung.design.goplayer.GPlayer$7: void onClick(android.view.View)>,click,<chung.design.goplayer.GPlayer$6: void onClick(android.view.View)>,@layout/buttonstyle,JADX/chung.design.goplayer/resources/res/layout/chbuttonstyle.xml;JADX/chung.design.goplayer/resources/res/layout/buttonstyle.xml
android.widget.Button,2131034181,ID_SetBtn,click,<chung.design.goplayer.GPlayer$5: void onClick(android.view.View)>,click,<chung.design.goplayer.GPlayer$4: void onClick(android.view.View)>,click,<chung.design.goplayer.GPlayer$9: void onClick(android.view.View)>,click,<chung.design.goplayer.GPlayer$8: void onClick(android.view.View)>,click,<chung.design.goplayer.GPlayer$3: void onClick(android.view.View)>,click,<chung.design.goplayer.GPlayer$7: void onClick(android.view.View)>,click,<chung.design.goplayer.GPlayer$6: void onClick(android.view.View)>,@layout/buttonstyle,JADX/chung.design.goplayer/resources/res/layout/chbuttonstyle.xml;JADX/chung.design.goplayer/resources/res/layout/buttonstyle.xml
android.widget.Button,2131034182,ID_ConnBtn,click,<chung.design.goplayer.GPlayer$5: void onClick(android.view.View)>,click,<chung.design.goplayer.GPlayer$4: void onClick(android.view.View)>,click,<chung.design.goplayer.GPlayer$9: void onClick(android.view.View)>,click,<chung.design.goplayer.GPlayer$8: void onClick(android.view.View)>,click,<chung.design.goplayer.GPlayer$3: void onClick(android.view.View)>,click,<chung.design.goplayer.GPlayer$7: void onClick(android.view.View)>,click,<chung.design.goplayer.GPlayer$6: void onClick(android.view.View)>,@layout/buttonstyle,JADX/chung.design.goplayer/resources/res/layout/chbuttonstyle.xml;JADX/chung.design.goplayer/resources/res/layout/buttonstyle.xml
android.widget.Button,2131034128,ID_CURTAIN_STOP_BTN,click,<chung.design.goplayer.CCurtainFrm$1: void onClick(android.view.View)>,click,<chung.design.goplayer.CCurtainFrm$2: void onClick(android.view.View)>,click,<chung.design.goplayer.CCurtainFrm$4: void onClick(android.view.View)>,click,<chung.design.goplayer.CCurtainFrm$3: void onClick(android.view.View)>,@layout/sbtnstyle,JADX/chung.design.goplayer/resources/res/layout/sbtnstyle.xml
android.widget.Button,2131034129,ID_CURTAON_CLOSE_BTN,click,<chung.design.goplayer.CCurtainFrm$1: void onClick(android.view.View)>,click,<chung.design.goplayer.CCurtainFrm$2: void onClick(android.view.View)>,click,<chung.design.goplayer.CCurtainFrm$4: void onClick(android.view.View)>,click,<chung.design.goplayer.CCurtainFrm$3: void onClick(android.view.View)>,@layout/sbtnstyle,JADX/chung.design.goplayer/resources/res/layout/sbtnstyle.xml
android.widget.Button,2131034127,ID_CURTAIN_OPEN_BTN,click,<chung.design.goplayer.CCurtainFrm$1: void onClick(android.view.View)>,click,<chung.design.goplayer.CCurtainFrm$2: void onClick(android.view.View)>,click,<chung.design.goplayer.CCurtainFrm$4: void onClick(android.view.View)>,click,<chung.design.goplayer.CCurtainFrm$3: void onClick(android.view.View)>,@layout/sbtnstyle,JADX/chung.design.goplayer/resources/res/layout/sbtnstyle.xml
android.widget.Button,2131034125,ID_CURTAIN_EXIT_BTN,click,<chung.design.goplayer.CCurtainFrm$1: void onClick(android.view.View)>,click,<chung.design.goplayer.CCurtainFrm$2: void onClick(android.view.View)>,click,<chung.design.goplayer.CCurtainFrm$4: void onClick(android.view.View)>,click,<chung.design.goplayer.CCurtainFrm$3: void onClick(android.view.View)>,@layout/sbtnstyle,JADX/chung.design.goplayer/resources/res/layout/sbtnstyle.xml
android.widget.Button,2131034161,ID_LIGHT_SEVEN_U_BTN,click,<chung.design.goplayer.CLightFrm$4: void onClick(android.view.View)>,click,<chung.design.goplayer.CLightFrm$1: void onClick(android.view.View)>,click,<chung.design.goplayer.CLightFrm$3: void onClick(android.view.View)>,click,<chung.design.goplayer.CLightFrm$2: void onClick(android.view.View)>,@layout/sbtnstyle,JADX/chung.design.goplayer/resources/res/layout/sbtnstyle.xml
android.widget.Button,2131034159,ID_LIGHT_SEVEN_D_BTN,click,<chung.design.goplayer.CLightFrm$4: void onClick(android.view.View)>,click,<chung.design.goplayer.CLightFrm$1: void onClick(android.view.View)>,click,<chung.design.goplayer.CLightFrm$3: void onClick(android.view.View)>,click,<chung.design.goplayer.CLightFrm$2: void onClick(android.view.View)>,@layout/sbtnstyle,JADX/chung.design.goplayer/resources/res/layout/sbtnstyle.xml
android.widget.Button,2131034160,ID_LIGHT_SEVEN_BTN,click,<chung.design.goplayer.CLightFrm$4: void onClick(android.view.View)>,click,<chung.design.goplayer.CLightFrm$1: void onClick(android.view.View)>,click,<chung.design.goplayer.CLightFrm$3: void onClick(android.view.View)>,click,<chung.design.goplayer.CLightFrm$2: void onClick(android.view.View)>,@layout/buttonstyle,JADX/chung.design.goplayer/resources/res/layout/chbuttonstyle.xml;JADX/chung.design.goplayer/resources/res/layout/buttonstyle.xml
android.widget.Button,2131034163,ID_LIGHT_EIGHT_BTN,click,<chung.design.goplayer.CLightFrm$4: void onClick(android.view.View)>,click,<chung.design.goplayer.CLightFrm$1: void onClick(android.view.View)>,click,<chung.design.goplayer.CLightFrm$3: void onClick(android.view.View)>,click,<chung.design.goplayer.CLightFrm$2: void onClick(android.view.View)>,@layout/buttonstyle,JADX/chung.design.goplayer/resources/res/layout/chbuttonstyle.xml;JADX/chung.design.goplayer/resources/res/layout/buttonstyle.xml
android.widget.Button,2131034164,ID_LIGHT_EIGHT_U_BTN,click,<chung.design.goplayer.CLightFrm$4: void onClick(android.view.View)>,click,<chung.design.goplayer.CLightFrm$1: void onClick(android.view.View)>,click,<chung.design.goplayer.CLightFrm$3: void onClick(android.view.View)>,click,<chung.design.goplayer.CLightFrm$2: void onClick(android.view.View)>,@layout/sbtnstyle,JADX/chung.design.goplayer/resources/res/layout/sbtnstyle.xml
android.widget.Button,2131034162,ID_LIGHT_EIGHT_D_BTN,click,<chung.design.goplayer.CLightFrm$4: void onClick(android.view.View)>,click,<chung.design.goplayer.CLightFrm$1: void onClick(android.view.View)>,click,<chung.design.goplayer.CLightFrm$3: void onClick(android.view.View)>,click,<chung.design.goplayer.CLightFrm$2: void onClick(android.view.View)>,@layout/sbtnstyle,JADX/chung.design.goplayer/resources/res/layout/sbtnstyle.xml
android.widget.Button,2131034144,ID_LIGHT_TWO_D_BTN,click,<chung.design.goplayer.CLightFrm$4: void onClick(android.view.View)>,click,<chung.design.goplayer.CLightFrm$1: void onClick(android.view.View)>,click,<chung.design.goplayer.CLightFrm$3: void onClick(android.view.View)>,click,<chung.design.goplayer.CLightFrm$2: void onClick(android.view.View)>,@layout/sbtnstyle,JADX/chung.design.goplayer/resources/res/layout/sbtnstyle.xml
android.widget.Button,2131034146,ID_LIGHT_TWO_U_BTN,click,<chung.design.goplayer.CLightFrm$4: void onClick(android.view.View)>,click,<chung.design.goplayer.CLightFrm$1: void onClick(android.view.View)>,click,<chung.design.goplayer.CLightFrm$3: void onClick(android.view.View)>,click,<chung.design.goplayer.CLightFrm$2: void onClick(android.view.View)>,@layout/sbtnstyle,JADX/chung.design.goplayer/resources/res/layout/sbtnstyle.xml
android.widget.Button,2131034145,ID_LIGHT_TWO_BTN,click,<chung.design.goplayer.CLightFrm$4: void onClick(android.view.View)>,click,<chung.design.goplayer.CLightFrm$1: void onClick(android.view.View)>,click,<chung.design.goplayer.CLightFrm$3: void onClick(android.view.View)>,click,<chung.design.goplayer.CLightFrm$2: void onClick(android.view.View)>,@layout/buttonstyle,JADX/chung.design.goplayer/resources/res/layout/chbuttonstyle.xml;JADX/chung.design.goplayer/resources/res/layout/buttonstyle.xml
android.widget.Button,2131034138,ID_LIGHT_EXIT_BTN,click,<chung.design.goplayer.CLightFrm$4: void onClick(android.view.View)>,click,<chung.design.goplayer.CLightFrm$1: void onClick(android.view.View)>,click,<chung.design.goplayer.CLightFrm$3: void onClick(android.view.View)>,click,<chung.design.goplayer.CLightFrm$2: void onClick(android.view.View)>,@layout/sbtnstyle,JADX/chung.design.goplayer/resources/res/layout/sbtnstyle.xml
android.widget.Button,2131034157,ID_LIGHT_SIX_BTN,click,<chung.design.goplayer.CLightFrm$4: void onClick(android.view.View)>,click,<chung.design.goplayer.CLightFrm$1: void onClick(android.view.View)>,click,<chung.design.goplayer.CLightFrm$3: void onClick(android.view.View)>,click,<chung.design.goplayer.CLightFrm$2: void onClick(android.view.View)>,@layout/buttonstyle,JADX/chung.design.goplayer/resources/res/layout/chbuttonstyle.xml;JADX/chung.design.goplayer/resources/res/layout/buttonstyle.xml
android.widget.Button,2131034156,ID_LIGHT_SIX_D_BTN,click,<chung.design.goplayer.CLightFrm$4: void onClick(android.view.View)>,click,<chung.design.goplayer.CLightFrm$1: void onClick(android.view.View)>,click,<chung.design.goplayer.CLightFrm$3: void onClick(android.view.View)>,click,<chung.design.goplayer.CLightFrm$2: void onClick(android.view.View)>,@layout/sbtnstyle,JADX/chung.design.goplayer/resources/res/layout/sbtnstyle.xml
android.widget.Button,2131034158,ID_LIGHT_SIX_U_BTN,click,<chung.design.goplayer.CLightFrm$4: void onClick(android.view.View)>,click,<chung.design.goplayer.CLightFrm$1: void onClick(android.view.View)>,click,<chung.design.goplayer.CLightFrm$3: void onClick(android.view.View)>,click,<chung.design.goplayer.CLightFrm$2: void onClick(android.view.View)>,@layout/sbtnstyle,JADX/chung.design.goplayer/resources/res/layout/sbtnstyle.xml
android.widget.Button,2131034147,ID_LIGHT_THREE_D_BTN,click,<chung.design.goplayer.CLightFrm$4: void onClick(android.view.View)>,click,<chung.design.goplayer.CLightFrm$1: void onClick(android.view.View)>,click,<chung.design.goplayer.CLightFrm$3: void onClick(android.view.View)>,click,<chung.design.goplayer.CLightFrm$2: void onClick(android.view.View)>,@layout/sbtnstyle,JADX/chung.design.goplayer/resources/res/layout/sbtnstyle.xml
android.widget.Button,2131034148,ID_LIGHT_THREE_BTN,click,<chung.design.goplayer.CLightFrm$4: void onClick(android.view.View)>,click,<chung.design.goplayer.CLightFrm$1: void onClick(android.view.View)>,click,<chung.design.goplayer.CLightFrm$3: void onClick(android.view.View)>,click,<chung.design.goplayer.CLightFrm$2: void onClick(android.view.View)>,@layout/buttonstyle,JADX/chung.design.goplayer/resources/res/layout/chbuttonstyle.xml;JADX/chung.design.goplayer/resources/res/layout/buttonstyle.xml
android.widget.Button,2131034149,ID_LIGHT_THREE_U_BTN,click,<chung.design.goplayer.CLightFrm$4: void onClick(android.view.View)>,click,<chung.design.goplayer.CLightFrm$1: void onClick(android.view.View)>,click,<chung.design.goplayer.CLightFrm$3: void onClick(android.view.View)>,click,<chung.design.goplayer.CLightFrm$2: void onClick(android.view.View)>,@layout/sbtnstyle,JADX/chung.design.goplayer/resources/res/layout/sbtnstyle.xml
android.widget.Button,2131034141,ID_LIGHT_ONE_D_BTN,click,<chung.design.goplayer.CLightFrm$4: void onClick(android.view.View)>,click,<chung.design.goplayer.CLightFrm$1: void onClick(android.view.View)>,click,<chung.design.goplayer.CLightFrm$3: void onClick(android.view.View)>,click,<chung.design.goplayer.CLightFrm$2: void onClick(android.view.View)>,@layout/sbtnstyle,JADX/chung.design.goplayer/resources/res/layout/sbtnstyle.xml
android.widget.Button,2131034142,ID_LIGHT_ONE_BTN,click,<chung.design.goplayer.CLightFrm$4: void onClick(android.view.View)>,click,<chung.design.goplayer.CLightFrm$1: void onClick(android.view.View)>,click,<chung.design.goplayer.CLightFrm$3: void onClick(android.view.View)>,click,<chung.design.goplayer.CLightFrm$2: void onClick(android.view.View)>,@layout/buttonstyle,JADX/chung.design.goplayer/resources/res/layout/chbuttonstyle.xml;JADX/chung.design.goplayer/resources/res/layout/buttonstyle.xml
android.widget.Button,2131034143,ID_LIGHT_ONE_U_BTN,click,<chung.design.goplayer.CLightFrm$4: void onClick(android.view.View)>,click,<chung.design.goplayer.CLightFrm$1: void onClick(android.view.View)>,click,<chung.design.goplayer.CLightFrm$3: void onClick(android.view.View)>,click,<chung.design.goplayer.CLightFrm$2: void onClick(android.view.View)>,@layout/sbtnstyle,JADX/chung.design.goplayer/resources/res/layout/sbtnstyle.xml
android.widget.Button,2131034150,ID_LIGHT_FOUR_D_BTN,click,<chung.design.goplayer.CLightFrm$4: void onClick(android.view.View)>,click,<chung.design.goplayer.CLightFrm$1: void onClick(android.view.View)>,click,<chung.design.goplayer.CLightFrm$3: void onClick(android.view.View)>,click,<chung.design.goplayer.CLightFrm$2: void onClick(android.view.View)>,@layout/sbtnstyle,JADX/chung.design.goplayer/resources/res/layout/sbtnstyle.xml
android.widget.Button,2131034152,ID_LIGHT_FOUR_U_BTN,click,<chung.design.goplayer.CLightFrm$4: void onClick(android.view.View)>,click,<chung.design.goplayer.CLightFrm$1: void onClick(android.view.View)>,click,<chung.design.goplayer.CLightFrm$3: void onClick(android.view.View)>,click,<chung.design.goplayer.CLightFrm$2: void onClick(android.view.View)>,@layout/sbtnstyle,JADX/chung.design.goplayer/resources/res/layout/sbtnstyle.xml
android.widget.Button,2131034151,ID_LIGHT_FOUR_BTN,click,<chung.design.goplayer.CLightFrm$4: void onClick(android.view.View)>,click,<chung.design.goplayer.CLightFrm$1: void onClick(android.view.View)>,click,<chung.design.goplayer.CLightFrm$3: void onClick(android.view.View)>,click,<chung.design.goplayer.CLightFrm$2: void onClick(android.view.View)>,@layout/buttonstyle,JADX/chung.design.goplayer/resources/res/layout/chbuttonstyle.xml;JADX/chung.design.goplayer/resources/res/layout/buttonstyle.xml
android.widget.Button,2131034154,ID_LIGHT_FIVE_BTN,click,<chung.design.goplayer.CLightFrm$4: void onClick(android.view.View)>,click,<chung.design.goplayer.CLightFrm$1: void onClick(android.view.View)>,click,<chung.design.goplayer.CLightFrm$3: void onClick(android.view.View)>,click,<chung.design.goplayer.CLightFrm$2: void onClick(android.view.View)>,@layout/buttonstyle,JADX/chung.design.goplayer/resources/res/layout/chbuttonstyle.xml;JADX/chung.design.goplayer/resources/res/layout/buttonstyle.xml
android.widget.Button,2131034155,ID_LIGHT_FIVE_U_BTN,click,<chung.design.goplayer.CLightFrm$4: void onClick(android.view.View)>,click,<chung.design.goplayer.CLightFrm$1: void onClick(android.view.View)>,click,<chung.design.goplayer.CLightFrm$3: void onClick(android.view.View)>,click,<chung.design.goplayer.CLightFrm$2: void onClick(android.view.View)>,@layout/sbtnstyle,JADX/chung.design.goplayer/resources/res/layout/sbtnstyle.xml
android.widget.Button,2131034153,ID_LIGHT_FIVE_D_BTN,click,<chung.design.goplayer.CLightFrm$4: void onClick(android.view.View)>,click,<chung.design.goplayer.CLightFrm$1: void onClick(android.view.View)>,click,<chung.design.goplayer.CLightFrm$3: void onClick(android.view.View)>,click,<chung.design.goplayer.CLightFrm$2: void onClick(android.view.View)>,@layout/sbtnstyle,JADX/chung.design.goplayer/resources/res/layout/sbtnstyle.xml
android.widget.Button,2131034222,ID_OKBtn,click,<chung.design.goplayer.CSvrInfo$3: void onClick(android.view.View)>,click,<chung.design.goplayer.CSvrInfo$2: void onClick(android.view.View)>,click,<chung.design.goplayer.CSvrInfo$1: void onClick(android.view.View)>,@layout/sbtnstyle,JADX/chung.design.goplayer/resources/res/layout/sbtnstyle.xml
android.widget.Button,2131034221,ID_RelayBtn,click,<chung.design.goplayer.CSvrInfo$3: void onClick(android.view.View)>,click,<chung.design.goplayer.CSvrInfo$2: void onClick(android.view.View)>,click,<chung.design.goplayer.CSvrInfo$1: void onClick(android.view.View)>,@layout/sbtnstyle,JADX/chung.design.goplayer/resources/res/layout/sbtnstyle.xml
android.widget.Button,2131034223,ID_CancelBtn,click,<chung.design.goplayer.CSvrInfo$3: void onClick(android.view.View)>,click,<chung.design.goplayer.CSvrInfo$2: void onClick(android.view.View)>,click,<chung.design.goplayer.CSvrInfo$1: void onClick(android.view.View)>,@layout/sbtnstyle,JADX/chung.design.goplayer/resources/res/layout/sbtnstyle.xml
android.widget.Button,2131034201,ID_RelayOKBtn,click,<chung.design.goplayer.CSvrRelaySet$1: void onClick(android.view.View)>,click,<chung.design.goplayer.CSvrRelaySet$2: void onClick(android.view.View)>,@layout/sbtnstyle,JADX/chung.design.goplayer/resources/res/layout/sbtnstyle.xml
android.widget.Button,2131034202,ID_RelayCancelBtn,click,<chung.design.goplayer.CSvrRelaySet$1: void onClick(android.view.View)>,click,<chung.design.goplayer.CSvrRelaySet$2: void onClick(android.view.View)>,@layout/sbtnstyle,JADX/chung.design.goplayer/resources/res/layout/sbtnstyle.xml
