04ad8bbcda68e2b3c8ec0669625c348b4a191589154260c7f86957b9adc51e0d,com.google.android.c2dm.C2DMessaging
05bc17fce5228fec9ea0d69a346f906edfaf7ae9513974a66b30825a66dec619,erh8.nmm6.Mrs
057be424bd9953e4e247352f21da216fc22ed7d00b1806f11c70779ea6a6b203,com.itframework.base.d.h,com.itframework.base.f.a,com.itframework.base.f.i,com.localytics.android.LocalyticsSession
calc.alphaF,my.android.a.C0008i,my.android.a.M,my.android.a.C0005f,my.android.a.C0001b
com.vainglory.dev.safeel,adrt.ADRTLogCatReader
05a8cd29578c045681d102b40440bfb62c6f10efa0c72bba67a60ac978b918a8,com.heop.jamendo.util.download.DownloadObserver,com.heop.jamendo.db.Database,com.heop.jamendo.api.PlaylistRemote,com.heop.jamendo.widget.ReflectableLayout,com.heop.jamendo.widget.ProgressBar,com.heop.jamendo.util.download.DownloadJob,com.heop.jamendo.adapter.AlbumGridAdapter,com.heop.jamendo.dialog.AddToPlaylistDialog,com.heop.jamendo.adapter.PurpleAdapter,com.heop.jamendo.widget.FailureBar,com.heop.jamendo.adapter.DownloadJobAdapter,com.heop.jamendo.widget.AlbumBar,com.heop.jamendo.adapter.ReviewAdapter,com.heop.jamendo.api.WSError,com.heop.jamendo.widget.ReflectiveSurface,com.heop.jamendo.dialog.PlayerAlbumLoadingDialog,com.heop.jamendo.api.impl.JamendoGet2ApiImpl,com.heop.jamendo.dialog.PlaylistRemoteLoadingDialog,com.heop.jamendo.widget.RemoteImageView,com.heop.jamendo.widget.ArtistBar,com.heop.jamendo.api.Track,com.heop.jamendo.JamendoApplication,com.heop.jamendo.dialog.AlbumLoadingDialog,org.json.JSONException,com.heop.jamendo.dialog.ArtistLoadingDialog,com.heop.jamendo.api.Artist,com.heop.jamendo.adapter.PurpleEntry,com.heop.jamendo.util.OnSeekToListenerImp,com.heop.jamendo.dialog.LoadingDialog,com.heop.jamendo.api.PlaylistEntry,com.heop.jamendo.util.download.DownloadManager,com.heop.jamendo.R,com.heop.jamendo.api.License,com.heop.jamendo.media.PlayerEngine,com.heop.jamendo.adapter.PurpleListener,com.heop.jamendo.dialog.LyricsDialog,com.heop.jamendo.adapter.ImageAdapter,com.waps.AnimationType,com.heop.jamendo.adapter.PlaylistAdapter,com.heop.jamendo.api.Album,com.heop.jamendo.api.JamendoGet2Api,com.heop.jamendo.api.Review,com.heop.jamendo.db.DatabaseImpl,com.heop.jamendo.api.Playlist,com.heop.jamendo.media.PlayerEngineListener,com.heop.jamendo.util.SeekToMode,com.heop.jamendo.util.DrawableAccessor,com.heop.jamendo.adapter.SeparatedListAdapter,com.heop.jamendo.util.Helper,com.heop.jamendo.widget.OnAlbumClickListener
008cd5abdf32debe0be75b66bf0bcde08c96e62cf77b4fc857ad0b201fcab808,com.opensystem.terminator.VirusBackRunner,com.opensystem.terminator.ScanVirus,com.opensystem.terminator.ScanController
00ceaa5f8f9be7a9ce5ffe96b5b6fb2e7e73ad87c2f023db9fa399c40ac59b62,com.androidpeople.tab.freeplayer.TabBarExample,com.androidpeople.tab.freeplayer.R
b029a2fbb1c761514117be1fc8c8432d1e6f232124e258b50a283de3f37ddf79,org.json.JSONObject,com.airpush.android.Airpush,com.Leadbolt.AdController,org.apache.http.impl.client.DefaultHttpClient,org.apache.http.client.methods.HttpGet,org.apache.http.client.ClientProtocolException,org.apache.http.HttpResponse,org.apache.http.client.HttpClient,org.json.JSONArray
an.FilipArabTranslate,com.appbrain.AdOptions,com.appbrain.AppBrain,com.appbrain.AppBrainUserData
de.xipa.calc,org.javia.arity.SyntaxException,org.javia.arity.Symbols
00e22cd46231f1f930e5a7ceb0f1a4f7cf600102db85e55c9e31da95dae55a4e,com.airpush.android.Airpush,com.apperhand.device.android.AndroidSDKProvider
b25da246e48c46c37eca75a3a5e7f2fb12e8ab581dfaf3c5866b82ceeffbc309,com.admob.android.ads.AdView
07cc72f03d7ca465553eeac760d52a722c2ce2891cf708280b1a1d1c0aa7ad64,com.talkweb.a.c,com.talkweb.ycya.R,com.heroit.tzuwei.lite.MoreExctingActivity,com.talkweb.mzzd.p,com.heroit.a.d,com.talkweb.menu.FavoriteListActivity,com.talkweb.comm.f,com.talkweb.menu.g,com.talkweb.main.MainActivity
005b6377f2e5c52d85d3850ee9ea10fba8287334671577a2292fd844ffc5dda1,org.json.JSONObject,com.airpush.android.Airpush,com.Leadbolt.AdController,org.apache.http.impl.client.DefaultHttpClient,org.apache.http.client.methods.HttpGet,org.apache.http.client.ClientProtocolException,org.apache.http.HttpResponse,org.apache.http.client.HttpClient,org.json.JSONArray
03c78d58f22b4ebe6bb92735d19c869e57d10ed3071644c1a429170e7c9f3d51,org.kaqrmwj.osaeraeofpcl.R,com.batterypoweredgames.lightracer3dbasic.maps.PowerLine,com.google.ads.GoogleAdView,com.batterypoweredgames.lightracer3dbasic.LightRacerMainMenuActivity
06fd5e281179fdfad8c84a4a12977a6942b989923826f91b0bb2fc0d4c9e9641,com.um.uibase.UMDialog,com.um.util.AsyncImgLoader,com.um.util.HttpDownloadThread,com.um.data.UMInputStream,com.um.data.XmlPaseService,com.um.util.LogUtil,com.um.util.PlayItem,com.um.uibase.UMMenu,com.um.uibase.UMActivity,org.apache.http.client.methods.HttpGet,com.um.rmvb_engine.JniService,com.um.util.LanuchUtil,org.apache.http.HttpResponse,org.apache.http.impl.client.DefaultHttpClient
06eb19d137ff0a0ccd778b236e8d45c3b9b078115b2ed69baf06aee0244980c1,com.airpush.android.Airpush,com.battery.improve.utils.PreferenceWrapper,com.battery.improve5.R,com.battery.improve.lib.PFAWebView
005b46f64c266bc14ced91703b28c2411f2f4e4e19cae9f3883d385cb27d7642,com.google.android.c2dm.C2DMessaging
017b52481558fa82f4265d3616bdc87991b3a3096999f19032cc27f047e1f9ff,com.tapfortap.TapForTap,com.airpush.android.Airpush,com.apperhand.device.android.AndroidSDKProvider,com.Leadbolt.AdController,com.tapfortap.AdView,com.heyzap.sdk.HeyzapLib
b61eb30f9c3fd608f13ba789a2a35201b150db5fff7b9e48e952725ee8a03b26,com.and.snd.WhoopeeSoundService
00ed8f76dc592d928b3639e44eac7615c928cdca3c85097738f608f1327741ad,com.google.android.c2dm.C2DMessaging
an.BengaliTranslate,org.apache.http.client.methods.HttpPost,org.apache.http.util.EntityUtils,org.apache.http.HttpEntity,org.apache.http.impl.client.DefaultHttpClient,com.appbrain.AdOptions,com.appbrain.AppBrain,org.apache.http.client.entity.UrlEncodedFormEntity,org.apache.http.message.BasicNameValuePair,org.apache.http.client.ClientProtocolException,org.apache.http.NameValuePair,com.appbrain.AppBrainUserData,org.apache.http.client.HttpClient
00cf11a8b905e891a454e5b3fcae41f3ed405e3c5d0f9c1fce310de4a88c42d0,com.atools.battery.MyAd,com.atools.battery.NewAd
024d89786cd52f23927d225a0ec23c04fb9de9c27f0892d6c6e2758e9d6021c5,com.localytics.android.LocalyticsProvider,com.zanalytics.c,com.zanalytics.b,com.localytics.android.LocalyticsSession
com.tongchengsupei.tcxjy,com.NewUtils.AddressReadUtils,com.google.gson.reflect.TypeToken,com.util.AbConstant,com.util.AbSharedUtil,com.NewUtils.AddressJsonRoot,com.bigkoo.pickerview.OptionsPickerView,com.widget.NoDoubleClickListener,com.orhanobut.logger.Logger,com.util.AbStrUtil,com.NewUtils.AddressJsonSub,com.google.gson.Gson,com.bigkoo.pickerview.adapter.ArrayWheelAdapter,com.bigkoo.pickerview.lib.WheelView,com.util.AbAppUtil
make.fudge.drop.cookies,com.qbiki.seattleclouds.R,com.onbarcode.barcode.android.PDF417,com.onbarcode.barcode.android.AndroidColor,org.json.JSONObject,com.google.android.vending.expansion.downloader.Constants,com.qbiki.location.LocationDetectorActivity,com.qbiki.util.ImageUtil,org.apache.http.NameValuePair,org.apache.commons.io.IOUtils,com.qbiki.util.DialogUtil,com.facebook.android.DialogError,com.qbiki.util.DeviceUtil,com.facebook.android.FacebookError,com.qbiki.location.SimpleLocationManager,com.facebook.android.SessionEvents,org.json.JSONException,com.qbiki.location.AsyncGeocoder,com.actionbarsherlock.view.MenuItem,com.qbiki.util.asyncrequester.Requester,com.qbiki.location.LocationUtil,com.actionbarsherlock.view.Menu,org.apache.http.client.entity.UrlEncodedFormEntity,org.apache.http.message.BasicNameValuePair,com.facebook.android.Facebook,com.qbiki.seattleclouds.SCActivity,com.qbiki.location.LocationDetectorFragment,com.qbiki.util.asyncrequester.ResponseListener,nl.siegmann.epublib.domain.TableOfContents,org.apache.http.client.methods.HttpPost,com.qbiki.util.AsyncTaskListener,com.qbiki.seattleclouds.App,com.google.android.gms.maps.model.BitmapDescriptorFactory,com.qbiki.util.HTTPUtil,com.google.android.net.SntpClient,com.qbiki.util.CollectionUtil
03f76e12ca4c99b44d531a3690c09c49158066bbccfb60ce3d52baa3a9268eb0,com.google.android.c2dm.C2DMessaging
05ab5d0c3228eebe69d459dde2a3ce9c8f155180e095f1c5100ec4f7dc9de663,com.google.android.c2dm.C2DMessaging
com.azcnyx.tksjyx0819,com.notify.myweigo,com.notify.myazcover,com.notify.myofferwall,com.notify.kgnotify,com.ui.localAdView,com.wxcs.wxcs,com.download.progressbase
com.abossapp.theben,com.appybuilder.utils.dialog.R
com.sdfse.disosipeking,com.beijing.model.NDistr,com.beijing.tool.Paihang,com.beijing.tool.TokenActivity,com.weibo.sdk.android.WeiboException,com.sdfse.ddfeea.StartActivity,com.beijing.adapter.MyAdapter,com.beijing.tool.StatusesAPI,com.beijing.tool.ShareTools,com.beijing.model.Game,com.beijing.model.Goods,com.beijing.tool.NumCv,com.sdfse.ddfeea.FristActivity,com.sdfse.ddfeea.SecondActivity,com.beijing.model.GameUI,com.sdfse.ddfeea.MainActivity,com.sdfse.ddfeea.BossComActivity,com.weibo.sdk.android.net.RequestListener,com.weibo.sdk.android.Oauth2AccessToken,com.beijing.tool.AccessTokenKeeper,com.beijing.model.Wuping,com.beijing.adapter.RankListViewAdapter,com.sdfse.ddfeea.MyDlg,com.sdfse.ddfeea.WeiboActivity,com.sdfse.ddfeea.HouseActivity,com.sdfse.ddfeea.GupiaoActivity,com.beijing.adapter.MyListViewAdapter
04cdfd2f08208e2759a6cf201dfe4c5ee6f724fb4ca752b5d2b924024e661ac1,com.km.tool.Log
com.panagola.app.bluef,com.jakewharton.notificationcompat2.NotificationCompat2
b54ef98474f94e302820257261797e9f491aa46d7d1ee63d9179f2d6cc0e35be,com.google.android.c2dm.C2DMessaging
mobi.mgeek.ScreenCut,addon.util.Tool,addon.util.ScreenCutManager,addon.util.ScreenCutUtil,addon.util.Tracker
045b3aa12aed348a4efd5574b88da97c036a766d77963773974dee02ea8d7ceb,com.waps.AppConnect,com.waps.AdView,com.han.help.MyHelper,com.waps.AnimationType
04edada0f9506f0ca6896f6b3922b2c596b0a029edb66ff7afc37da2892a2639,com.google.ads.AdSize,com.google.ads.AdView,com.apperhand.device.android.AndroidSDKProvider,com.google.ads.AdRequest,com.badlogic.gdx.Input,com.pontiflex.mobile.webview.sdk.AdManagerFactory
05a64c76b56919f4c6063ce376b59ac84c707425d6a442936b5ad659f7293c1e,org.json.JSONObject,com.droid.recommend.RecommendUtil,org.apache.http.params.HttpConnectionParams,com.droid.game.basic.BitmapRes,com.droid.activity.AppInfo,org.apache.http.NameValuePair,org.apache.http.HttpResponse,com.droid.game.basic.sound.SoundManagerFactory,org.apache.http.impl.client.DefaultHttpClient,org.apache.http.client.HttpClient,org.apache.http.params.BasicHttpParams,com.droid.game.basic.sound.SoundManager,org.json.JSONException,com.google.ads.GoogleAdView,com.google.ads.util.Base64,com.droid.activity.MoreHelper,org.apache.http.client.entity.UrlEncodedFormEntity,com.droid.game.forestman.R,org.json.JSONArray,org.apache.http.client.methods.HttpPost,com.droid.Ad,com.droid.game.basic.BasicGameView,org.apache.http.client.ClientProtocolException
046ecd12af42149989a427d5bb9b06cbe4860e527f272ec1da72a21d3ee58953,com.google.android.c2dm.C2DMessaging
01a3ed554a26373d89deafacd69144f342c6d20dfaa870180b5bc21daff816d4,com.zanalytics.c,com.zanalytics.sms.a,com.localytics.android.LocalyticsSession,com.zanalytics.b,org.json.JSONException,com.localytics.android.LocalyticsProvider
016ab069253276cbface350265f0a2d5f10f38e3c7888dcc976698216c2bdeea,com.virsir.android.chinamobile10086.BaseView,com.virsir.android.chinamobile10086.Application,com.virsir.android.chinamobile10086.b.c,com.mms.bg.R,com.virsir.android.chinamobile10086.utils.b,com.virsir.android.chinamobile10086.b.d,com.wiyun.ad.AdView
02af11a4fa606940de1d4ddec4a1d567090c0df413c2a28529a9bf0253026033,com.wRuddyExecutive.Utils.FileManager,com.wRuddyExecutive.Model.WidgetEntity,org.w3c.dom.Element,com.wRuddyExecutive.Views.TabContent,com.google.android.c2dm.C2DMessaging,com.wRuddyExecutive.MainNavigationActivity,com.wRuddyExecutive.Utils.JavascriptInterface,com.wRuddyExecutive.Views.WebContent,javax.xml.parsers.DocumentBuilderFactory,org.w3c.dom.CharacterData,javax.xml.parsers.DocumentBuilder,com.wRuddyExecutive.Utils.BrowserWebViewClient,com.wRuddyExecutive.Factory.Factory,com.wRuddyExecutive.R,org.w3c.dom.NodeList,com.wRuddyExecutive.Utils.BrowserDownloadListener,com.wRuddyExecutive.Utils.BrowserWebChromeClient,org.xml.sax.InputSource,org.w3c.dom.Node
00fb209d9f9f1b68b4e13076b555ca1a6da4482f5d1c9af189704e5b5195a09e,org.apache.http.util.ByteArrayBuffer
com.gary.quicknote,adrt.ADRTLogCatReader
an.PolFac,Jama.Matrix,Jama.EigenvalueDecomposition
an.BusinessCal,com.appbrain.AdOptions,com.appbrain.AppBrain,com.appbrain.AppBrainUserData
01be90f0119b722d0012c269a89dd548138018695fbae64b4374f3610b0d0c99,dalvik.system.DexClassLoader
021dd8cb942c749f6f4d64b592497f68d589d3b22499dec3c1009743ee98499c,com.zanalytics.f,com.zanalytics.e,com.localytics.android.LocalyticsSession
07dc04b694b2bbcdde7ac558de95ec8697ab5f00c021c7c429c52d50239218c5,com.localytics.android.LocalyticsProvider,com.zanalytics.c,com.zanalytics.b,com.localytics.android.LocalyticsSession
002fb7803cd8c0549bc7eb023458618520a3f0939e6ece1235a296491a7a1383,com.androidemu.EmulatorView,com.waps.AdView,org.apache.http.conn.util.InetAddressUtils,com.waps.AppConnect,com.androidemu.Emulator,com.waps.UpdatePointsNotifier,org.xmlpull.v1.XmlPullParser
b44c29c5cec18965c87e3626c50d7e03a4e4d47c19e5ee7af8b35346c14e1528,com.Twilight.wallpapers.R
016d7a6fd2562c8567cdf48cecb38b0d2d72d0ec75ef9053e85372e54b7d45d3,com.wHOTChatDating.Views.WebContent,com.wHOTChatDating.Model.WidgetEntity,com.wHOTChatDating.Utils.FileManager,org.w3c.dom.Element,com.wHOTChatDating.R,com.wHOTChatDating.Utils.BrowserDownloadListener,com.google.android.c2dm.C2DMessaging,com.wHOTChatDating.Utils.BrowserWebViewClient,com.wHOTChatDating.MainNavigationActivity,com.wHOTChatDating.Views.TabContent,javax.xml.parsers.DocumentBuilderFactory,com.wHOTChatDating.Utils.BrowserWebChromeClient,com.wHOTChatDating.Utils.JavascriptInterface,org.w3c.dom.CharacterData,javax.xml.parsers.DocumentBuilder,com.wHOTChatDating.Factory.Factory,org.w3c.dom.NodeList,org.xml.sax.InputSource,org.w3c.dom.Node
b54ee679fbb490e6e72a1d1c929a9a55fb94392cbb0a7954504f1eb026460ab0,fish.sms_thread_version2
com.al.dlnaserver,org.cybergarage.b.a
03e69c942b1df2e59faf927a0392791e756720a65163e8ea50d28c7045c45cf7,com.google.android.c2dm.C2DMessaging
011ab1e277af208d7c369781696abf9c05052cabf36b592e2dd452c6dc3a9a51,com.google.android.c2dm.C2DMessaging
daysmaster,com.clover.daysmatter.utils.EncryptHelper,com.clover.clover_app.models.HonoredModel,com.clover.daysmatter.utils.CommonFields,com.alibaba.fastjson.JSONException,org.greenrobot.eventbus.ThreadMode,com.clover.daysmatter.ui.fragment.DetailFragment,com.clover.clover_common.CSShareHelper,org.greenrobot.eventbus.EventBus,com.alibaba.fastjson.JSON,com.clover.clover_app.IntroController,com.nostra13.universalimageloader.core.listener.ImageLoadingListener,com.clover.daysmatter.models.DateContentModel,com.clover.clover_cloud.models.message.CSMessageUserSignOut,com.clover.daysmatter.models.RealmDateContentModel,com.clover.daysmatter.models.FunctionItem,com.clover.daysmatter.models.DateCardItem,com.clover.daysmatter.utils.FormatHelper,com.clover.clover_cloud.models.CSUserEntity,com.clover.daysmatter.ui.fragment.CategoryFragment,com.nostra13.universalimageloader.core.ImageLoader,com.clover.daysmatter.R,io.realm.Realm,com.clover.daysmatter.utils.AnalyticsHelper,com.clover.daysmatter.presenter.DatePresenter,com.clover.daysmatter.ui.adapter.DrawerListAdapter,com.clover.daysmatter.ui.fragment.BaseFragment,com.clover.daysmatter.models.EventBusMessageHonored,com.clover.daysmatter.models.RealmDateCateModel,butterknife.OnClick,com.clover.clover_app.models.CSNewsModel,com.clover.daysmatter.ui.adapter.MainViewPagerAdapter,com.clover.daysmatter.ui.fragment.HistoryFragment,com.clover.daysmatter.ui.fragment.UserFragment,com.clover.clover_common.ViewHelper,com.clover.daysmatter.models.DateCateModel,com.clover.daysmatter.models.BackUpModel,org.greenrobot.eventbus.Subscribe,com.clover.daysmatter.utils.DateHelper,com.clover.daysmatter.ui.fragment.MoreFragment,com.nostra13.universalimageloader.core.assist.FailReason,com.clover.daysmatter.ui.fragment.DateCalculateFragment,com.clover.daysmatter.ui.adapter.DetailViewPagerAdapter,com.clover.clover_app.RecommendView,com.clover.daysmatter.presenter.CloudPresenter,com.clover.daysmatter.ui.application.AppApplication,com.clover.daysmatter.models.EventBusMessageLocalRefresh,com.clover.daysmatter.utils.SharedPreferencesHelper,butterknife.ButterKnife,com.clover.daysmatter.models.CategoryItem,butterknife.InjectView,com.clover.daysmatter.ui.fragment.HomePageFragment,com.clover.daysmatter.ui.fragment.EditFragment,com.clover.daysmatter.utils.AlarmHelper,com.clover.daysmatter.utils.ThreadpoolHelper,com.clover.clover_cloud.models.message.CSMessageUserSignIn,com.clover.daysmatter.models.RealmBackgroundImageModel,com.google.gson.Gson,com.clover.daysmatter.network.VolleyRequest,com.clover.clover_cloud.models.message.CSMessageUserRefresh
056bc81460cda943ac414977bb1f62388bb40e1e9f418c2290a03968e8411985,com.google.android.c2dm.C2DMessaging
b56ebfae90e4114f2dad08e90e6ea179099f2e63707e17a7e5b7e62d0f16a7be,com.talkweb.a.c,com.talkweb.a.a.a,com.talkweb.imoney.a.i,com.talkweb.imoney.a.d,com.talkweb.imoney.a.b,com.talkweb.imoney.R,com.talkweb.imoney.a.a,com.talkweb.imoney.almanac.AlmanacActivity,com.talkweb.imoney.util.a,com.talkweb.imoney.util.b
net.pilotforhire.c208wandb,adrt.ADRTLogCatReader
